episode,stage,shaping_scale_current,agent_type,total_reward_env,total_reward_shaped,tripwires_triggered,resources_collected,steps_to_goal,goal_reached,deaths_starvation,deaths_tripwire,epsilon,spawn_rate,seed,grid_size
1,,0.0,ControlS0,22.59,22.59,21,2,30,False,0,0,0.1720768383829392,0.25,222324,4
2,,0.0,ControlS0,20.82,20.82,18,1,30,False,0,0,0.14805219153934096,0.25,222324,4
3,,0.0,ControlS0,21.0,21.0,0,0,30,False,0,0,0.12738176517877567,0.25,222324,4
4,,0.0,ControlS0,21.79,21.79,1,1,30,False,0,0,0.10959725709800847,0.25,222324,4
5,,0.0,ControlS0,20.79,20.79,1,0,30,False,0,0,0.09429574748433718,0.25,222324,4
6,,0.0,ControlS0,19.65,19.65,15,0,30,False,0,0,0.08113057050030371,0.25,222324,4
7,,0.0,ControlS0,20.599999999999998,20.599999999999998,0,0,30,False,0,0,0.06980346033948207,0.25,222324,4
8,,0.0,ControlS0,20.8,20.8,20,1,30,False,0,0,0.06005779381703479,0.25,222324,4
9,,0.0,ControlS0,111.89,111.89,11,0,22,True,0,0,0.0537869788347139,0.25,222324,4
10,,0.0,ControlS0,22.0,22.0,0,1,30,False,0,0,0.04627746632023818,0.25,222324,4
11,,0.0,ControlS0,114.58,114.58,2,1,13,True,0,0,0.04335803814468143,0.25,222324,4
12,,0.0,ControlS0,23.19,23.19,1,2,30,False,0,0,0.03730457061211832,0.25,222324,4
13,,0.0,ControlS0,22.189999999999998,22.189999999999998,1,1,30,False,0,0,0.03209626284083216,0.25,222324,4
14,,0.0,ControlS0,22.990000000000002,22.990000000000002,0,2,30,False,0,0,0.027615117167791067,0.25,222324,4
15,,0.0,ControlS0,23.79,23.79,0,3,30,False,0,0,0.02375961026903957,0.25,222324,4
16,,0.0,ControlS0,21.99,21.99,1,1,30,False,0,0,0.02044239308153573,0.25,222324,4
17,,0.0,ControlS0,25.39,25.39,1,4,30,False,0,0,0.017588311852259692,0.25,222324,4
18,,0.0,ControlS0,22.990000000000002,22.990000000000002,1,2,30,False,0,0,0.015132705480150117,0.25,222324,4
19,,0.0,ControlS0,22.990000000000002,22.990000000000002,1,2,30,False,0,0,0.013019940576022048,0.25,222324,4
20,,0.0,ControlS0,115.98,115.98,2,1,6,True,0,0,0.012634192408423978,0.25,222324,4
21,,0.0,ControlS0,114.98,114.98,2,0,6,True,0,0,0.012259872991052256,0.25,222324,4
22,,0.0,ControlS0,114.97,114.97,3,0,6,True,0,0,0.011896643718716482,0.25,222324,4
23,,0.0,ControlS0,115.98,115.98,2,1,6,True,0,0,0.01154417601824837,0.25,222324,4
24,,0.0,ControlS0,24.19,24.19,1,3,30,False,0,0,0.01,0.25,222324,4
25,,0.0,ControlS0,115.98,115.98,2,1,6,True,0,0,0.01,0.25,222324,4
26,,0.0,ControlS0,21.99,21.99,1,1,30,False,0,0,0.01,0.25,222324,4
27,,0.0,ControlS0,114.97,114.97,3,0,6,True,0,0,0.01,0.25,222324,4
28,,0.0,ControlS0,115.98,115.98,2,1,6,True,0,0,0.01,0.25,222324,4
29,,0.0,ControlS0,20.99,20.99,1,0,30,False,0,0,0.01,0.25,222324,4
30,,0.0,ControlS0,117.98,117.98,2,3,6,True,0,0,0.01,0.25,222324,4
31,,0.0,ControlS0,115.97,115.97,3,1,6,True,0,0,0.01,0.25,222324,4
32,,0.0,ControlS0,115.98,115.98,2,1,6,True,0,0,0.01,0.25,222324,4
33,,0.0,ControlS0,115.75,115.75,5,1,8,True,0,0,0.01,0.25,222324,4
34,,0.0,ControlS0,115.98,115.98,2,1,6,True,0,0,0.01,0.25,222324,4
35,,0.0,ControlS0,116.98,116.98,2,2,6,True,0,0,0.01,0.25,222324,4
36,,0.0,ControlS0,114.98,114.98,2,0,6,True,0,0,0.01,0.25,222324,4
37,,0.0,ControlS0,115.98,115.98,2,1,6,True,0,0,0.01,0.25,222324,4
38,,0.0,ControlS0,116.98,116.98,2,2,6,True,0,0,0.01,0.25,222324,4
39,,0.0,ControlS0,114.19,114.19,1,1,15,True,0,0,0.01,0.25,222324,4
40,,0.0,ControlS0,115.99,115.99,1,1,6,True,0,0,0.01,0.25,222324,4
41,,0.0,ControlS0,115.99,115.99,1,1,6,True,0,0,0.01,0.25,222324,4
42,,0.0,ControlS0,117.98,117.98,2,3,6,True,0,0,0.01,0.25,222324,4
43,,0.0,ControlS0,117.98,117.98,2,3,6,True,0,0,0.01,0.25,222324,4
44,,0.0,ControlS0,114.97,114.97,3,0,6,True,0,0,0.01,0.25,222324,4
45,,0.0,ControlS0,114.97,114.97,3,0,6,True,0,0,0.01,0.25,222324,4
46,,0.0,ControlS0,115.97,115.97,3,1,6,True,0,0,0.01,0.25,222324,4
47,,0.0,ControlS0,115.98,115.98,2,1,6,True,0,0,0.01,0.25,222324,4
48,,0.0,ControlS0,114.97,114.97,3,0,6,True,0,0,0.01,0.25,222324,4
49,,0.0,ControlS0,115.99,115.99,1,1,6,True,0,0,0.01,0.25,222324,4
50,,0.0,ControlS0,115.97,115.97,3,1,6,True,0,0,0.01,0.25,222324,4
51,,0.0,ControlS0,114.97,114.97,3,0,6,True,0,0,0.01,0.25,222324,4
52,,0.0,ControlS0,115.97,115.97,3,1,6,True,0,0,0.01,0.25,222324,4
53,,0.0,ControlS0,114.97,114.97,3,0,6,True,0,0,0.01,0.25,222324,4
54,,0.0,ControlS0,114.99,114.99,1,0,6,True,0,0,0.01,0.25,222324,4
55,,0.0,ControlS0,114.99,114.99,1,0,6,True,0,0,0.01,0.25,222324,4
56,,0.0,ControlS0,114.97,114.97,3,0,6,True,0,0,0.01,0.25,222324,4
57,,0.0,ControlS0,115.98,115.98,2,1,6,True,0,0,0.01,0.25,222324,4
58,,0.0,ControlS0,116.98,116.98,2,2,6,True,0,0,0.01,0.25,222324,4
59,,0.0,ControlS0,115.98,115.98,2,1,6,True,0,0,0.01,0.25,222324,4
60,,0.0,ControlS0,116.98,116.98,2,2,6,True,0,0,0.01,0.25,222324,4
61,,0.0,ControlS0,114.97,114.97,3,0,6,True,0,0,0.01,0.25,222324,4
62,,0.0,ControlS0,115.98,115.98,2,1,6,True,0,0,0.01,0.25,222324,4
63,,0.0,ControlS0,114.97,114.97,3,0,6,True,0,0,0.01,0.25,222324,4
64,,0.0,ControlS0,114.98,114.98,2,0,6,True,0,0,0.01,0.25,222324,4
65,,0.0,ControlS0,115.97,115.97,3,1,6,True,0,0,0.01,0.25,222324,4
66,,0.0,ControlS0,115.97,115.97,3,1,6,True,0,0,0.01,0.25,222324,4
67,,0.0,ControlS0,114.97,114.97,3,0,6,True,0,0,0.01,0.25,222324,4
68,,0.0,ControlS0,115.98,115.98,2,1,6,True,0,0,0.01,0.25,222324,4
69,,0.0,ControlS0,114.78,114.78,2,0,8,True,0,0,0.01,0.25,222324,4
70,,0.0,ControlS0,114.99,114.99,1,0,6,True,0,0,0.01,0.25,222324,4
71,,0.0,ControlS0,116.99,116.99,1,2,6,True,0,0,0.01,0.25,222324,4
72,,0.0,ControlS0,114.78,114.78,2,0,8,True,0,0,0.01,0.25,222324,4
73,,0.0,ControlS0,114.96,114.96,3,0,6,True,0,0,0.01,0.25,222324,4
74,,0.0,ControlS0,115.98,115.98,2,1,6,True,0,0,0.01,0.25,222324,4
75,,0.0,ControlS0,115.97,115.97,3,1,6,True,0,0,0.01,0.25,222324,4
76,,0.0,ControlS0,114.97,114.97,3,0,6,True,0,0,0.01,0.25,222324,4
77,,0.0,ControlS0,115.97,115.97,3,1,6,True,0,0,0.01,0.25,222324,4
78,,0.0,ControlS0,114.76,114.76,4,0,7,True,0,0,0.01,0.25,222324,4
79,,0.0,ControlS0,115.34,115.34,6,1,9,True,0,0,0.01,0.25,222324,4
80,,0.0,ControlS0,117.14,117.14,6,3,10,True,0,0,0.01,0.25,222324,4
81,,0.0,ControlS0,115.34,115.34,6,1,9,True,0,0,0.01,0.25,222324,4
82,,0.0,ControlS0,115.97,115.97,3,1,6,True,0,0,0.01,0.25,222324,4
83,,0.0,ControlS0,114.72,114.72,8,1,12,True,0,0,0.01,0.25,222324,4
84,,0.0,ControlS0,115.97,115.97,3,1,6,True,0,0,0.01,0.25,222324,4
85,,0.0,ControlS0,114.97,114.97,3,0,6,True,0,0,0.01,0.25,222324,4
86,,0.0,ControlS0,115.97,115.97,3,1,6,True,0,0,0.01,0.25,222324,4
87,,0.0,ControlS0,114.76,114.76,4,0,7,True,0,0,0.01,0.25,222324,4
88,,0.0,ControlS0,19.72,19.72,28,0,30,False,0,0,0.01,0.25,222324,4
89,,0.0,ControlS0,115.97,115.97,3,1,6,True,0,0,0.01,0.25,222324,4
90,,0.0,ControlS0,114.97,114.97,3,0,6,True,0,0,0.01,0.25,222324,4
91,,0.0,ControlS0,113.08,113.08,12,0,15,True,0,0,0.01,0.25,222324,4
92,,0.0,ControlS0,114.97,114.97,3,0,6,True,0,0,0.01,0.25,222324,4
93,,0.0,ControlS0,114.97,114.97,3,0,6,True,0,0,0.01,0.25,222324,4
94,,0.0,ControlS0,115.97,115.97,3,1,6,True,0,0,0.01,0.25,222324,4
95,,0.0,ControlS0,19.72,19.72,28,0,30,False,0,0,0.01,0.25,222324,4
96,,0.0,ControlS0,20.939999999999998,20.939999999999998,26,1,30,False,0,0,0.01,0.25,222324,4
97,,0.0,ControlS0,113.72,113.72,8,0,12,True,0,0,0.01,0.25,222324,4
98,,0.0,ControlS0,114.97,114.97,3,0,6,True,0,0,0.01,0.25,222324,4
99,,0.0,ControlS0,114.97,114.97,3,0,6,True,0,0,0.01,0.25,222324,4
100,,0.0,ControlS0,114.97,114.97,3,0,6,True,0,0,0.01,0.25,222324,4
101,,0.0,ControlS0,114.97,114.97,3,0,6,True,0,0,0.01,0.25,222324,4
102,,0.0,ControlS0,113.18,113.18,21,2,25,True,0,0,0.01,0.25,222324,4
103,,0.0,ControlS0,114.97,114.97,3,0,6,True,0,0,0.01,0.25,222324,4
104,,0.0,ControlS0,115.97,115.97,3,1,6,True,0,0,0.01,0.25,222324,4
105,,0.0,ControlS0,114.97,114.97,3,0,6,True,0,0,0.01,0.25,222324,4
106,,0.0,ControlS0,115.97,115.97,3,1,6,True,0,0,0.01,0.25,222324,4
107,,0.0,ControlS0,114.97,114.97,3,0,6,True,0,0,0.01,0.25,222324,4
108,,0.0,ControlS0,114.21,114.21,18,1,22,True,0,0,0.01,0.25,222324,4
109,,0.0,ControlS0,115.97,115.97,3,1,6,True,0,0,0.01,0.25,222324,4
110,,0.0,ControlS0,116.98,116.98,2,2,6,True,0,0,0.01,0.25,222324,4
111,,0.0,ControlS0,115.97,115.97,3,1,6,True,0,0,0.01,0.25,222324,4
112,,0.0,ControlS0,114.97,114.97,3,0,6,True,0,0,0.01,0.25,222324,4
113,,0.0,ControlS0,115.98,115.98,2,1,6,True,0,0,0.01,0.25,222324,4
114,,0.0,ControlS0,115.97,115.97,3,1,6,True,0,0,0.01,0.25,222324,4
115,,0.0,ControlS0,114.97,114.97,3,0,6,True,0,0,0.01,0.25,222324,4
116,,0.0,ControlS0,114.98,114.98,2,0,6,True,0,0,0.01,0.25,222324,4
117,,0.0,ControlS0,114.98,114.98,2,0,6,True,0,0,0.01,0.25,222324,4
118,,0.0,ControlS0,115.98,115.98,2,1,6,True,0,0,0.01,0.25,222324,4
119,,0.0,ControlS0,116.98,116.98,2,2,6,True,0,0,0.01,0.25,222324,4
120,,0.0,ControlS0,114.97,114.97,3,0,6,True,0,0,0.01,0.25,222324,4
121,,0.0,ControlS0,115.97,115.97,3,1,6,True,0,0,0.01,0.25,222324,4
122,,0.0,ControlS0,115.97,115.97,3,1,6,True,0,0,0.01,0.25,222324,4
123,,0.0,ControlS0,116.98,116.98,2,2,6,True,0,0,0.01,0.25,222324,4
124,,0.0,ControlS0,116.98,116.98,2,2,6,True,0,0,0.01,0.25,222324,4
125,,0.0,ControlS0,115.98,115.98,2,1,6,True,0,0,0.01,0.25,222324,4
126,,0.0,ControlS0,115.97,115.97,3,1,6,True,0,0,0.01,0.25,222324,4
127,,0.0,ControlS0,115.98,115.98,2,1,6,True,0,0,0.01,0.25,222324,4
128,,0.0,ControlS0,116.97,116.97,3,2,6,True,0,0,0.01,0.25,222324,4
129,,0.0,ControlS0,116.97,116.97,3,2,6,True,0,0,0.01,0.25,222324,4
130,,0.0,ControlS0,115.98,115.98,2,1,6,True,0,0,0.01,0.25,222324,4
131,,0.0,ControlS0,116.98,116.98,2,2,6,True,0,0,0.01,0.25,222324,4
132,,0.0,ControlS0,115.98,115.98,2,1,6,True,0,0,0.01,0.25,222324,4
133,,0.0,ControlS0,115.98,115.98,2,1,6,True,0,0,0.01,0.25,222324,4
134,,0.0,ControlS0,116.98,116.98,2,2,6,True,0,0,0.01,0.25,222324,4
135,,0.0,ControlS0,115.97,115.97,3,1,6,True,0,0,0.01,0.25,222324,4
136,,0.0,ControlS0,115.97,115.97,3,1,6,True,0,0,0.01,0.25,222324,4
137,,0.0,ControlS0,116.98,116.98,2,2,6,True,0,0,0.01,0.25,222324,4
138,,0.0,ControlS0,114.98,114.98,2,0,6,True,0,0,0.01,0.25,222324,4
139,,0.0,ControlS0,114.78,114.78,2,0,7,True,0,0,0.01,0.25,222324,4
140,,0.0,ControlS0,114.98,114.98,2,0,6,True,0,0,0.01,0.25,222324,4
141,,0.0,ControlS0,114.98,114.98,2,0,6,True,0,0,0.01,0.25,222324,4
142,,0.0,ControlS0,114.98,114.98,2,0,6,True,0,0,0.01,0.25,222324,4
143,,0.0,ControlS0,114.98,114.98,2,0,6,True,0,0,0.01,0.25,222324,4
144,,0.0,ControlS0,115.98,115.98,2,1,6,True,0,0,0.01,0.25,222324,4
145,,0.0,ControlS0,116.98,116.98,2,2,6,True,0,0,0.01,0.25,222324,4
146,,0.0,ControlS0,114.98,114.98,2,0,6,True,0,0,0.01,0.25,222324,4
147,,0.0,ControlS0,115.98,115.98,2,1,6,True,0,0,0.01,0.25,222324,4
148,,0.0,ControlS0,114.98,114.98,2,0,6,True,0,0,0.01,0.25,222324,4
149,,0.0,ControlS0,117.98,117.98,2,3,6,True,0,0,0.01,0.25,222324,4
150,,0.0,ControlS0,115.97,115.97,3,1,6,True,0,0,0.01,0.25,222324,4
151,,0.0,ControlS0,115.97,115.97,3,1,6,True,0,0,0.01,0.25,222324,4
152,,0.0,ControlS0,114.97,114.97,3,0,6,True,0,0,0.01,0.25,222324,4
153,,0.0,ControlS0,114.98,114.98,2,0,6,True,0,0,0.01,0.25,222324,4
154,,0.0,ControlS0,114.97,114.97,3,0,6,True,0,0,0.01,0.25,222324,4
155,,0.0,ControlS0,114.97,114.97,3,0,6,True,0,0,0.01,0.25,222324,4
156,,0.0,ControlS0,114.77,114.77,3,0,8,True,0,0,0.01,0.25,222324,4
157,,0.0,ControlS0,114.98,114.98,2,0,6,True,0,0,0.01,0.25,222324,4
158,,0.0,ControlS0,114.98,114.98,2,0,6,True,0,0,0.01,0.25,222324,4
159,,0.0,ControlS0,115.98,115.98,2,1,6,True,0,0,0.01,0.25,222324,4
160,,0.0,ControlS0,114.98,114.98,2,0,6,True,0,0,0.01,0.25,222324,4
161,,0.0,ControlS0,115.98,115.98,2,1,6,True,0,0,0.01,0.25,222324,4
162,,0.0,ControlS0,114.98,114.98,2,0,6,True,0,0,0.01,0.25,222324,4
163,,0.0,ControlS0,115.98,115.98,2,1,6,True,0,0,0.01,0.25,222324,4
164,,0.0,ControlS0,114.98,114.98,2,0,6,True,0,0,0.01,0.25,222324,4
165,,0.0,ControlS0,114.97,114.97,3,0,6,True,0,0,0.01,0.25,222324,4
166,,0.0,ControlS0,115.98,115.98,2,1,6,True,0,0,0.01,0.25,222324,4
167,,0.0,ControlS0,114.98,114.98,2,0,6,True,0,0,0.01,0.25,222324,4
168,,0.0,ControlS0,115.98,115.98,2,1,6,True,0,0,0.01,0.25,222324,4
169,,0.0,ControlS0,115.77,115.77,3,2,18,True,0,0,0.01,0.25,222324,4
170,,0.0,ControlS0,115.98,115.98,2,1,6,True,0,0,0.01,0.25,222324,4
171,,0.0,ControlS0,27.38,27.38,2,4,30,False,0,0,0.01,0.25,222324,4
172,,0.0,ControlS0,28.38,28.38,2,5,30,False,0,0,0.01,0.25,222324,4
173,,0.0,ControlS0,115.97,115.97,3,1,6,True,0,0,0.01,0.25,222324,4
174,,0.0,ControlS0,114.97,114.97,3,0,6,True,0,0,0.01,0.25,222324,4
175,,0.0,ControlS0,116.97,116.97,3,2,6,True,0,0,0.01,0.25,222324,4
176,,0.0,ControlS0,114.98,114.98,2,0,6,True,0,0,0.01,0.25,222324,4
177,,0.0,ControlS0,114.98,114.98,2,0,6,True,0,0,0.01,0.25,222324,4
178,,0.0,ControlS0,115.78,115.78,2,1,7,True,0,0,0.01,0.25,222324,4
179,,0.0,ControlS0,114.97,114.97,3,0,6,True,0,0,0.01,0.25,222324,4
180,,0.0,ControlS0,114.97,114.97,3,0,6,True,0,0,0.01,0.25,222324,4
181,,0.0,ControlS0,27.37,27.37,3,4,30,False,0,0,0.01,0.25,222324,4
182,,0.0,ControlS0,115.98,115.98,2,1,6,True,0,0,0.01,0.25,222324,4
183,,0.0,ControlS0,115.98,115.98,2,1,6,True,0,0,0.01,0.25,222324,4
184,,0.0,ControlS0,115.98,115.98,2,1,6,True,0,0,0.01,0.25,222324,4
185,,0.0,ControlS0,114.97,114.97,3,0,6,True,0,0,0.01,0.25,222324,4
186,,0.0,ControlS0,115.97,115.97,3,1,6,True,0,0,0.01,0.25,222324,4
187,,0.0,ControlS0,115.97,115.97,3,1,6,True,0,0,0.01,0.25,222324,4
188,,0.0,ControlS0,115.97,115.97,3,1,6,True,0,0,0.01,0.25,222324,4
189,,0.0,ControlS0,115.98,115.98,2,1,6,True,0,0,0.01,0.25,222324,4
190,,0.0,ControlS0,115.98,115.98,2,1,6,True,0,0,0.01,0.25,222324,4
191,,0.0,ControlS0,114.98,114.98,2,0,6,True,0,0,0.01,0.25,222324,4
192,,0.0,ControlS0,116.98,116.98,2,2,6,True,0,0,0.01,0.25,222324,4
193,,0.0,ControlS0,114.98,114.98,2,0,6,True,0,0,0.01,0.25,222324,4
194,,0.0,ControlS0,114.98,114.98,2,0,6,True,0,0,0.01,0.25,222324,4
195,,0.0,ControlS0,115.97,115.97,3,1,6,True,0,0,0.01,0.25,222324,4
196,,0.0,ControlS0,115.98,115.98,2,1,6,True,0,0,0.01,0.25,222324,4
197,,0.0,ControlS0,114.98,114.98,2,0,6,True,0,0,0.01,0.25,222324,4
198,,0.0,ControlS0,115.76,115.76,4,1,8,True,0,0,0.01,0.25,222324,4
199,,0.0,ControlS0,115.98,115.98,2,1,6,True,0,0,0.01,0.25,222324,4
200,,0.0,ControlS0,114.98,114.98,2,0,6,True,0,0,0.01,0.25,222324,4
201,,0.0,ControlS0,115.97,115.97,3,1,6,True,0,0,0.01,0.25,222324,4
202,,0.0,ControlS0,115.97,115.97,3,1,6,True,0,0,0.01,0.25,222324,4
203,,0.0,ControlS0,114.97,114.97,3,0,6,True,0,0,0.01,0.25,222324,4
204,,0.0,ControlS0,115.97,115.97,3,1,6,True,0,0,0.01,0.25,222324,4
205,,0.0,ControlS0,114.97,114.97,3,0,6,True,0,0,0.01,0.25,222324,4
206,,0.0,ControlS0,114.97,114.97,3,0,6,True,0,0,0.01,0.25,222324,4
207,,0.0,ControlS0,115.97,115.97,3,1,6,True,0,0,0.01,0.25,222324,4
208,,0.0,ControlS0,115.97,115.97,3,1,6,True,0,0,0.01,0.25,222324,4
209,,0.0,ControlS0,115.97,115.97,3,1,6,True,0,0,0.01,0.25,222324,4
210,,0.0,ControlS0,115.97,115.97,3,1,6,True,0,0,0.01,0.25,222324,4
211,,0.0,ControlS0,115.97,115.97,3,1,6,True,0,0,0.01,0.25,222324,4
212,,0.0,ControlS0,115.98,115.98,2,1,6,True,0,0,0.01,0.25,222324,4
213,,0.0,ControlS0,115.98,115.98,2,1,6,True,0,0,0.01,0.25,222324,4
214,,0.0,ControlS0,114.97,114.97,3,0,6,True,0,0,0.01,0.25,222324,4
215,,0.0,ControlS0,116.98,116.98,2,2,6,True,0,0,0.01,0.25,222324,4
216,,0.0,ControlS0,115.97,115.97,3,1,6,True,0,0,0.01,0.25,222324,4
217,,0.0,ControlS0,115.97,115.97,3,1,6,True,0,0,0.01,0.25,222324,4
218,,0.0,ControlS0,114.97,114.97,3,0,6,True,0,0,0.01,0.25,222324,4
219,,0.0,ControlS0,114.97,114.97,3,0,6,True,0,0,0.01,0.25,222324,4
220,,0.0,ControlS0,114.97,114.97,3,0,6,True,0,0,0.01,0.25,222324,4
221,,0.0,ControlS0,114.97,114.97,3,0,6,True,0,0,0.01,0.25,222324,4
222,,0.0,ControlS0,115.97,115.97,3,1,6,True,0,0,0.01,0.25,222324,4
223,,0.0,ControlS0,114.97,114.97,3,0,6,True,0,0,0.01,0.25,222324,4
224,,0.0,ControlS0,114.98,114.98,2,0,6,True,0,0,0.01,0.25,222324,4
225,,0.0,ControlS0,114.97,114.97,3,0,6,True,0,0,0.01,0.25,222324,4
226,,0.0,ControlS0,114.97,114.97,3,0,6,True,0,0,0.01,0.25,222324,4
227,,0.0,ControlS0,114.97,114.97,3,0,6,True,0,0,0.01,0.25,222324,4
228,,0.0,ControlS0,114.98,114.98,2,0,6,True,0,0,0.01,0.25,222324,4
229,,0.0,ControlS0,115.98,115.98,2,1,6,True,0,0,0.01,0.25,222324,4
230,,0.0,ControlS0,115.97,115.97,3,1,6,True,0,0,0.01,0.25,222324,4
231,,0.0,ControlS0,115.97,115.97,3,1,6,True,0,0,0.01,0.25,222324,4
232,,0.0,ControlS0,115.97,115.97,3,1,6,True,0,0,0.01,0.25,222324,4
233,,0.0,ControlS0,114.98,114.98,2,0,6,True,0,0,0.01,0.25,222324,4
234,,0.0,ControlS0,116.98,116.98,2,2,6,True,0,0,0.01,0.25,222324,4
235,,0.0,ControlS0,114.98,114.98,2,0,6,True,0,0,0.01,0.25,222324,4
236,,0.0,ControlS0,115.98,115.98,2,1,6,True,0,0,0.01,0.25,222324,4
237,,0.0,ControlS0,114.98,114.98,2,0,6,True,0,0,0.01,0.25,222324,4
238,,0.0,ControlS0,115.98,115.98,2,1,6,True,0,0,0.01,0.25,222324,4
239,,0.0,ControlS0,114.98,114.98,2,0,6,True,0,0,0.01,0.25,222324,4
240,,0.0,ControlS0,115.98,115.98,2,1,6,True,0,0,0.01,0.25,222324,4
241,,0.0,ControlS0,115.97,115.97,3,1,6,True,0,0,0.01,0.25,222324,4
242,,0.0,ControlS0,115.97,115.97,3,1,6,True,0,0,0.01,0.25,222324,4
243,,0.0,ControlS0,114.97,114.97,3,0,6,True,0,0,0.01,0.25,222324,4
244,,0.0,ControlS0,114.98,114.98,2,0,6,True,0,0,0.01,0.25,222324,4
245,,0.0,ControlS0,114.98,114.98,2,0,6,True,0,0,0.01,0.25,222324,4
246,,0.0,ControlS0,115.96,115.96,3,1,6,True,0,0,0.01,0.25,222324,4
247,,0.0,ControlS0,115.98,115.98,2,1,6,True,0,0,0.01,0.25,222324,4
248,,0.0,ControlS0,114.98,114.98,2,0,6,True,0,0,0.01,0.25,222324,4
249,,0.0,ControlS0,116.98,116.98,2,2,6,True,0,0,0.01,0.25,222324,4
250,,0.0,ControlS0,115.98,115.98,2,1,6,True,0,0,0.01,0.25,222324,4
251,,0.0,ControlS0,114.98,114.98,2,0,6,True,0,0,0.01,0.25,222324,4
252,,0.0,ControlS0,114.97,114.97,3,0,6,True,0,0,0.01,0.25,222324,4
253,,0.0,ControlS0,116.77,116.77,3,2,7,True,0,0,0.01,0.25,222324,4
254,,0.0,ControlS0,114.77,114.77,3,0,7,True,0,0,0.01,0.25,222324,4
255,,0.0,ControlS0,115.98,115.98,2,1,6,True,0,0,0.01,0.25,222324,4
256,,0.0,ControlS0,114.98,114.98,2,0,6,True,0,0,0.01,0.25,222324,4
257,,0.0,ControlS0,115.98,115.98,2,1,6,True,0,0,0.01,0.25,222324,4
258,,0.0,ControlS0,115.98,115.98,2,1,6,True,0,0,0.01,0.25,222324,4
259,,0.0,ControlS0,115.98,115.98,2,1,6,True,0,0,0.01,0.25,222324,4
260,,0.0,ControlS0,115.98,115.98,2,1,6,True,0,0,0.01,0.25,222324,4
261,,0.0,ControlS0,115.98,115.98,2,1,6,True,0,0,0.01,0.25,222324,4
262,,0.0,ControlS0,114.98,114.98,2,0,6,True,0,0,0.01,0.25,222324,4
263,,0.0,ControlS0,114.98,114.98,2,0,6,True,0,0,0.01,0.25,222324,4
264,,0.0,ControlS0,116.57,116.57,3,2,8,True,0,0,0.01,0.25,222324,4
265,,0.0,ControlS0,116.98,116.98,2,2,6,True,0,0,0.01,0.25,222324,4
266,,0.0,ControlS0,115.98,115.98,2,1,6,True,0,0,0.01,0.25,222324,4
267,,0.0,ControlS0,115.98,115.98,2,1,6,True,0,0,0.01,0.25,222324,4
268,,0.0,ControlS0,116.78,116.78,2,2,8,True,0,0,0.01,0.25,222324,4
269,,0.0,ControlS0,114.98,114.98,2,0,6,True,0,0,0.01,0.25,222324,4
270,,0.0,ControlS0,115.98,115.98,2,1,6,True,0,0,0.01,0.25,222324,4
271,,0.0,ControlS0,115.98,115.98,2,1,6,True,0,0,0.01,0.25,222324,4
272,,0.0,ControlS0,114.98,114.98,2,0,6,True,0,0,0.01,0.25,222324,4
273,,0.0,ControlS0,115.98,115.98,2,1,6,True,0,0,0.01,0.25,222324,4
274,,0.0,ControlS0,115.97,115.97,3,1,6,True,0,0,0.01,0.25,222324,4
275,,0.0,ControlS0,115.98,115.98,2,1,6,True,0,0,0.01,0.25,222324,4
276,,0.0,ControlS0,115.98,115.98,2,1,6,True,0,0,0.01,0.25,222324,4
277,,0.0,ControlS0,115.98,115.98,2,1,6,True,0,0,0.01,0.25,222324,4
278,,0.0,ControlS0,115.98,115.98,2,1,6,True,0,0,0.01,0.25,222324,4
279,,0.0,ControlS0,114.98,114.98,2,0,6,True,0,0,0.01,0.25,222324,4
280,,0.0,ControlS0,115.98,115.98,2,1,6,True,0,0,0.01,0.25,222324,4
281,,0.0,ControlS0,114.98,114.98,2,0,6,True,0,0,0.01,0.25,222324,4
282,,0.0,ControlS0,115.98,115.98,2,1,6,True,0,0,0.01,0.25,222324,4
283,,0.0,ControlS0,115.98,115.98,2,1,6,True,0,0,0.01,0.25,222324,4
284,,0.0,ControlS0,114.97,114.97,3,0,6,True,0,0,0.01,0.25,222324,4
285,,0.0,ControlS0,115.97,115.97,3,1,6,True,0,0,0.01,0.25,222324,4
286,,0.0,ControlS0,116.98,116.98,2,2,6,True,0,0,0.01,0.25,222324,4
287,,0.0,ControlS0,114.77,114.77,3,0,8,True,0,0,0.01,0.25,222324,4
288,,0.0,ControlS0,116.98,116.98,2,2,6,True,0,0,0.01,0.25,222324,4
289,,0.0,ControlS0,114.98,114.98,2,0,6,True,0,0,0.01,0.25,222324,4
290,,0.0,ControlS0,115.98,115.98,2,1,6,True,0,0,0.01,0.25,222324,4
291,,0.0,ControlS0,116.98,116.98,2,2,6,True,0,0,0.01,0.25,222324,4
292,,0.0,ControlS0,114.98,114.98,2,0,6,True,0,0,0.01,0.25,222324,4
293,,0.0,ControlS0,115.98,115.98,2,1,6,True,0,0,0.01,0.25,222324,4
294,,0.0,ControlS0,114.98,114.98,2,0,6,True,0,0,0.01,0.25,222324,4
295,,0.0,ControlS0,114.98,114.98,2,0,6,True,0,0,0.01,0.25,222324,4
296,,0.0,ControlS0,116.98,116.98,2,2,6,True,0,0,0.01,0.25,222324,4
297,,0.0,ControlS0,116.98,116.98,2,2,6,True,0,0,0.01,0.25,222324,4
298,,0.0,ControlS0,115.98,115.98,2,1,6,True,0,0,0.01,0.25,222324,4
299,,0.0,ControlS0,115.98,115.98,2,1,6,True,0,0,0.01,0.25,222324,4
300,,0.0,ControlS0,114.98,114.98,2,0,6,True,0,0,0.01,0.25,222324,4
