Episodio,Recompensa_tui,Tripwires_tui,PGF_Bruto_Avg,PGF_Costo_Avg
1,-32.472419660028706,0,-0.45681049150071834,0.28
2,-11.2908065533429,0,-0.15227016383357278,0.105
3,0.0,0,0.0,0.0
4,-29.381613106685776,0,-0.30454032766714556,0.38
5,0.0,0,0.0,0.0
6,-8.090806553342912,0,-0.15227016383357278,0.025
7,0.0,0,0.0,0.0
8,-12.090806553342897,0,-0.15227016383357278,0.125
9,0.0,0,0.0,0.0
10,0.0,0,0.0,0.0
11,0.0,0,0.0,0.0
12,-21.381613106685805,0,-0.30454032766714556,0.18
13,0.0,0,0.0,0.0
14,-11.090806553342901,0,-0.15227016383357278,0.1
15,0.0,0,0.0,0.0
16,-55.76322621337157,0,-0.6090806553342911,0.685
17,-11.090806553342901,0,-0.15227016383357278,0.1
18,0.0,0,0.0,0.0
19,0.0,0,0.0,0.0
20,0.0,0,0.0,0.0
21,0.0,0,0.0,0.0
22,0.0,0,0.0,0.0
23,-30.98161310668577,0,-0.30454032766714556,0.42
24,0.0,0,0.0,0.0
25,0.0,0,0.0,0.0
26,-25.58161310668579,0,-0.30454032766714556,0.285
27,-27.181613106685784,0,-0.30454032766714556,0.325
28,0.0,0,0.0,0.0
29,0.0,0,0.0,0.0
30,0.0,0,0.0,0.0
31,0.0,0,0.0,0.0
32,0.0,0,0.0,0.0
33,-13.490806553342892,0,-0.15227016383357278,0.16
34,0.0,0,0.0,0.0
35,0.0,0,0.0,0.0
36,-37.07241966002874,0,-0.45681049150071834,0.395
37,0.0,0,0.0,0.0
38,0.0,0,0.0,0.0
39,0.0,0,0.0,0.0
40,0.0,0,0.0,0.0
41,-17.58161310668582,0,-0.30454032766714556,0.085
42,-24.381613106685794,0,-0.30454032766714556,0.255
43,-13.690806553342892,0,-0.15227016383357278,0.165
44,-13.690806553342892,0,-0.15227016383357278,0.165
45,0.0,0,0.0,0.0
46,-24.981613106685792,0,-0.30454032766714556,0.27
47,-54.96322621337157,0,-0.6090806553342911,0.665
48,0.0,0,0.0,0.0
49,-9.890806553342905,0,-0.15227016383357278,0.07
50,-33.36322621337166,0,-0.6090806553342911,0.125
51,-28.781613106685782,0,-0.30454032766714556,0.365
52,-22.9816131066858,0,-0.30454032766714556,0.22
53,0.0,0,0.0,0.0
54,-26.981613106685785,0,-0.30454032766714556,0.32
55,0.0,0,0.0,0.0
56,0.0,0,0.0,0.0
57,0.0,0,0.0,0.0
58,-14.29080655334289,0,-0.15227016383357278,0.18
59,0.0,0,0.0,0.0
60,0.0,0,0.0,0.0
61,0.0,0,0.0,0.0
62,0.0,0,0.0,0.0
63,0.0,0,0.0,0.0
64,-23.1816131066858,0,-0.30454032766714556,0.225
65,0.0,0,0.0,0.0
66,-43.76322621337161,0,-0.6090806553342911,0.385
67,0.0,0,0.0,0.0
68,0.0,0,0.0,0.0
69,-23.781613106685796,0,-0.30454032766714556,0.24
70,-7.690806553342912,0,-0.15227016383357278,0.015
71,0.0,0,0.0,0.0
72,0.0,0,0.0,0.0
73,-8.090806553342912,0,-0.15227016383357278,0.025
74,0.0,0,0.0,0.0
75,0.0,0,0.0,0.0
76,0.0,0,0.0,0.0
77,-15.090806553342887,0,-0.15227016383357278,0.2
78,-14.09080655334289,0,-0.15227016383357278,0.175
79,0.0,0,0.0,0.0
80,0.0,0,0.0,0.0
81,0.0,0,0.0,0.0
82,0.0,0,0.0,0.0
83,-12.490806553342896,0,-0.15227016383357278,0.135
84,0.0,0,0.0,0.0
85,0.0,0,0.0,0.0
86,0.0,0,0.0,0.0
87,0.0,0,0.0,0.0
88,0.0,0,0.0,0.0
89,0.0,0,0.0,0.0
90,0.0,0,0.0,0.0
91,0.0,0,0.0,0.0
92,0.0,0,0.0,0.0
93,-43.163226213371615,0,-0.6090806553342911,0.37
94,0.0,0,0.0,0.0
95,0.0,0,0.0,0.0
96,0.0,0,0.0,0.0
97,-31.072419660028753,0,-0.45681049150071834,0.245
98,-33.87241966002873,0,-0.45681049150071834,0.315
99,0.0,0,0.0,0.0
100,-7.690806553342912,0,-0.15227016383357278,0.015
101,0.0,0,0.0,0.0
102,0.0,0,0.0,0.0
103,0.0,0,0.0,0.0
104,-46.363226213371604,0,-0.6090806553342911,0.45
105,0.0,0,0.0,0.0
106,-54.97277600660441,1,-0.8443194001651105,0.305
107,0.0,0,0.0,0.0
108,-21.781613106685803,0,-0.30454032766714556,0.19
109,-8.49080655334291,0,-0.15227016383357278,0.035
110,0.0,0,0.0,0.0
111,0.0,0,0.0,0.0
112,0.0,0,0.0,0.0
113,0.0,0,0.0,0.0
114,-221.2041827272034,2,-1.5451045681800821,2.36
115,-12.090806553342897,0,-0.15227016383357278,0.125
116,-32.47241966002873,0,-0.45681049150071834,0.28
117,-12.090806553342897,0,-0.15227016383357278,0.125
118,-44.65403276671455,0,-0.761350819167864,0.23
119,0.0,0,0.0,0.0
120,0.0,0,0.0,0.0
121,-9.890806553342905,0,-0.15227016383357278,0.07
122,0.0,0,0.0,0.0
123,0.0,0,0.0,0.0
124,0.0,0,0.0,0.0
125,0.0,0,0.0,0.0
126,-22.3816131066858,0,-0.30454032766714556,0.205
127,0.0,0,0.0,0.0
128,-47.56322621337159,0,-0.6090806553342911,0.48
129,-19.381613106685812,0,-0.30454032766714556,0.13
130,-8.69080655334291,0,-0.15227016383357278,0.04
131,0.0,0,0.0,0.0
132,-36.563226213371635,0,-0.6090806553342911,0.205
133,0.0,0,0.0,0.0
134,-16.98161310668582,0,-0.30454032766714556,0.07
135,-31.98161310668577,0,-0.30454032766714556,0.445
136,-24.581613106685793,0,-0.30454032766714556,0.26
137,0.0,0,0.0,0.0
138,0.0,0,0.0,0.0
139,0.0,0,0.0,0.0
140,-25.58161310668579,0,-0.30454032766714556,0.285
141,0.0,0,0.0,0.0
142,-8.69080655334291,0,-0.15227016383357278,0.04
143,0.0,0,0.0,0.0
144,0.0,0,0.0,0.0
145,0.0,0,0.0,0.0
146,0.0,0,0.0,0.0
147,-196.04289502192276,2,-1.5760723755480657,1.85
148,0.0,0,0.0,0.0
149,-31.472419660028724,0,-0.45681049150071834,0.255
150,0.0,0,0.0,0.0
151,-52.363226213371576,0,-0.6090806553342911,0.6
152,-23.1816131066858,0,-0.30454032766714556,0.225
153,-142.51301403724085,3,-2.622528807876161,0.5454545454545454
154,-44.56322621337161,0,-0.6090806553342911,0.405
155,-30.472419660028752,0,-0.45681049150071834,0.23
156,0.0,0,0.0,0.0
157,0.0,0,0.0,0.0
158,-19.181613106685813,0,-0.30454032766714556,0.125
159,0.0,0,0.0,0.0
160,-24.781613106685793,0,-0.30454032766714556,0.265
161,0.0,0,0.0,0.0
162,0.0,0,0.0,0.0
163,0.0,0,0.0,0.0
164,-8.090806553342912,0,-0.15227016383357278,0.025
165,0.0,0,0.0,0.0
166,0.0,0,0.0,0.0
167,0.0,0,0.0,0.0
168,-12.090806553342897,0,-0.15227016383357278,0.125
169,-38.36322621337163,0,-0.6090806553342911,0.25
170,-11.690806553342899,0,-0.15227016383357278,0.115
171,0.0,0,0.0,0.0
172,0.0,0,0.0,0.0
173,-32.472419660028734,0,-0.45681049150071834,0.28
174,0.0,0,0.0,0.0
175,0.0,0,0.0,0.0
176,0.0,0,0.0,0.0
177,0.0,0,0.0,0.0
178,0.0,0,0.0,0.0
179,0.0,0,0.0,0.0
180,-12.290806553342897,0,-0.15227016383357278,0.13
181,0.0,0,0.0,0.0
182,0.0,0,0.0,0.0
183,0.0,0,0.0,0.0
184,0.0,0,0.0,0.0
185,0.0,0,0.0,0.0
186,0.0,0,0.0,0.0
187,-87.66358255994732,1,-0.9965895639986833,0.945
188,0.0,0,0.0,0.0
189,0.0,0,0.0,0.0
190,0.0,0,0.0,0.0
191,-9.090806553342908,0,-0.15227016383357278,0.05
192,-16.581613106685822,0,-0.30454032766714556,0.06
193,0.0,0,0.0,0.0
194,0.0,0,0.0,0.0
195,0.0,0,0.0,0.0
196,0.0,0,0.0,0.0
197,0.0,0,0.0,0.0
198,-12.490806553342896,0,-0.15227016383357278,0.135
199,0.0,0,0.0,0.0
200,0.0,0,0.0,0.0
201,0.0,0,0.0,0.0
202,0.0,0,0.0,0.0
203,-56.963226213371556,0,-0.6090806553342911,0.715
204,0.0,0,0.0,0.0
205,0.0,0,0.0,0.0
206,0.0,0,0.0,0.0
207,0.0,0,0.0,0.0
208,0.0,0,0.0,0.0
209,0.0,0,0.0,0.0
210,-14.490806553342889,0,-0.15227016383357278,0.185
211,-64.56322621337154,0,-0.6090806553342911,0.905
212,0.0,0,0.0,0.0
213,-26.872419660028743,0,-0.45681049150071834,0.14
214,0.0,0,0.0,0.0
215,-36.07241966002875,0,-0.45681049150071834,0.37
216,-11.890806553342898,0,-0.15227016383357278,0.12
217,0.0,0,0.0,0.0
218,-50.16322621337164,0,-0.6090806553342911,0.545
219,0.0,0,0.0,0.0
220,0.0,0,0.0,0.0
221,-52.16322621337158,0,-0.6090806553342911,0.595
222,0.0,0,0.0,0.0
223,-7.690806553342912,0,-0.15227016383357278,0.015
224,0.0,0,0.0,0.0
225,-12.690806553342895,0,-0.15227016383357278,0.14
226,-12.490806553342896,0,-0.15227016383357278,0.135
227,0.0,0,0.0,0.0
228,-13.490806553342892,0,-0.15227016383357278,0.16
229,0.0,0,0.0,0.0
230,-63.76322621337154,0,-0.6090806553342911,0.885
231,0.0,0,0.0,0.0
232,0.0,0,0.0,0.0
233,-14.09080655334289,0,-0.15227016383357278,0.175
234,-13.490806553342892,0,-0.15227016383357278,0.16
235,0.0,0,0.0,0.0
236,-12.290806553342897,0,-0.15227016383357278,0.13
237,0.0,0,0.0,0.0
238,-32.472419660028756,0,-0.45681049150071834,0.28
239,-12.490806553342896,0,-0.15227016383357278,0.135
240,0.0,0,0.0,0.0
241,-14.09080655334289,0,-0.15227016383357278,0.175
242,0.0,0,0.0,0.0
243,-31.181613106685774,0,-0.30454032766714556,0.425
244,-37.763226213371624,0,-0.6090806553342911,0.235
245,0.0,0,0.0,0.0
246,0.0,0,0.0,0.0
247,0.0,0,0.0,0.0
248,-57.36322621337156,0,-0.6090806553342911,0.725
249,-25.18161310668579,0,-0.30454032766714556,0.275
250,0.0,0,0.0,0.0
251,0.0,0,0.0,0.0
252,0.0,0,0.0,0.0
253,0.0,0,0.0,0.0
254,-21.581613106685804,0,-0.30454032766714556,0.185
255,-9.290806553342907,0,-0.15227016383357278,0.055
256,0.0,0,0.0,0.0
257,0.0,0,0.0,0.0
258,0.0,0,0.0,0.0
259,-25.472419660028745,0,-0.45681049150071834,0.105
260,-13.690806553342892,0,-0.15227016383357278,0.165
261,-8.290806553342911,0,-0.15227016383357278,0.03
262,0.0,0,0.0,0.0
263,0.0,0,0.0,0.0
264,-9.490806553342907,0,-0.15227016383357278,0.06
265,0.0,0,0.0,0.0
266,0.0,0,0.0,0.0
267,0.0,0,0.0,0.0
268,0.0,0,0.0,0.0
269,0.0,0,0.0,0.0
270,0.0,0,0.0,0.0
271,-7.290806553342912,0,-0.15227016383357278,0.005
272,-32.981613106685764,0,-0.30454032766714556,0.47
273,-31.872419660028754,0,-0.45681049150071834,0.265
274,0.0,0,0.0,0.0
275,-31.98161310668577,0,-0.30454032766714556,0.445
276,-11.2908065533429,0,-0.15227016383357278,0.105
277,0.0,0,0.0,0.0
278,-15.690806553342885,0,-0.15227016383357278,0.215
279,0.0,0,0.0,0.0
280,0.0,0,0.0,0.0
281,0.0,0,0.0,0.0
282,-62.74483932005749,0,-0.9136209830014367,0.505
283,-14.781613106685825,0,-0.30454032766714556,0.015
284,-44.76322621337161,0,-0.6090806553342911,0.41
285,0.0,0,0.0,0.0
286,-28.381613106685784,0,-0.30454032766714556,0.355
287,0.0,0,0.0,0.0
288,-13.290806553342893,0,-0.15227016383357278,0.155
289,-7.490806553342912,0,-0.15227016383357278,0.01
290,0.0,0,0.0,0.0
291,0.0,0,0.0,0.0
292,0.0,0,0.0,0.0
293,0.0,0,0.0,0.0
294,-8.69080655334291,0,-0.15227016383357278,0.04
295,-46.47241966002879,0,-0.45681049150071834,0.63
296,0.0,0,0.0,0.0
297,-15.781613106685825,0,-0.30454032766714556,0.04
298,0.0,0,0.0,0.0
299,0.0,0,0.0,0.0
300,0.0,0,0.0,0.0
301,-35.87241966002877,0,-0.45681049150071834,0.365
302,-28.87241966002872,0,-0.45681049150071834,0.19
303,0.0,0,0.0,0.0
304,0.0,0,0.0,0.0
305,0.0,0,0.0,0.0
306,0.0,0,0.0,0.0
307,-8.69080655334291,0,-0.15227016383357278,0.04
308,0.0,0,0.0,0.0
309,-26.78161310668579,0,-0.30454032766714556,0.315
310,-150.40974580955543,2,-4.357577937926581,0.9285714285714286
311,-8.090806553342912,0,-0.15227016383357278,0.025
312,-37.67241966002876,0,-0.45681049150071834,0.41
313,-8.890806553342909,0,-0.15227016383357278,0.045
314,-10.490806553342903,0,-0.15227016383357278,0.085
315,0.0,0,0.0,0.0
316,0.0,0,0.0,0.0
317,-11.2908065533429,0,-0.15227016383357278,0.105
318,0.0,0,0.0,0.0
319,0.0,0,0.0,0.0
320,-16.381613106685826,0,-0.30454032766714556,0.055
321,-61.37277600660438,1,-0.8443194001651105,0.465
322,-39.76322621337164,0,-0.6090806553342911,0.285
323,0.0,0,0.0,0.0
324,-13.690806553342892,0,-0.15227016383357278,0.165
325,0.0,0,0.0,0.0
326,0.0,0,0.0,0.0
327,0.0,0,0.0,0.0
328,-41.27241966002877,0,-0.45681049150071834,0.5
329,0.0,0,0.0,0.0
330,-41.272419660028774,0,-0.45681049150071834,0.5
331,0.0,0,0.0,0.0
332,0.0,0,0.0,0.0
333,0.0,0,0.0,0.0
334,-28.981613106685778,0,-0.30454032766714556,0.37
335,0.0,0,0.0,0.0
336,-19.381613106685812,0,-0.30454032766714556,0.13
337,0.0,0,0.0,0.0
338,0.0,0,0.0,0.0
339,-60.344839320057496,0,-0.9136209830014367,0.445
340,-38.763226213371624,0,-0.6090806553342911,0.26
341,0.0,0,0.0,0.0
342,0.0,0,0.0,0.0
343,0.0,0,0.0,0.0
344,-12.090806553342897,0,-0.15227016383357278,0.125
345,-41.76322621337162,0,-0.6090806553342911,0.335
346,-35.27241966002876,0,-0.45681049150071834,0.35
347,0.0,0,0.0,0.0
348,0.0,0,0.0,0.0
349,-146.4451956666333,1,-1.3011298916658287,2.06
350,0.0,0,0.0,0.0
351,0.0,0,0.0,0.0
352,0.0,0,0.0,0.0
353,0.0,0,0.0,0.0
354,0.0,0,0.0,0.0
355,0.0,0,0.0,0.0
356,0.0,0,0.0,0.0
357,0.0,0,0.0,0.0
358,-10.290806553342904,0,-0.15227016383357278,0.08
359,0.0,0,0.0,0.0
360,0.0,0,0.0,0.0
361,0.0,0,0.0,0.0
362,0.0,0,0.0,0.0
363,0.0,0,0.0,0.0
364,0.0,0,0.0,0.0
365,-33.96322621337164,0,-0.6090806553342911,0.14
366,0.0,0,0.0,0.0
367,-26.981613106685785,0,-0.30454032766714556,0.32
368,0.0,0,0.0,0.0
369,-13.290806553342893,0,-0.15227016383357278,0.155
370,0.0,0,0.0,0.0
371,-16.090806553342883,0,-0.15227016383357278,0.225
372,0.0,0,0.0,0.0
373,-58.16322621337156,0,-0.6090806553342911,0.745
374,0.0,0,0.0,0.0
375,0.0,0,0.0,0.0
376,-50.963226213371584,0,-0.6090806553342911,0.565
377,0.0,0,0.0,0.0
378,-18.381613106685815,0,-0.30454032766714556,0.105
379,0.0,0,0.0,0.0
380,0.0,0,0.0,0.0
381,0.0,0,0.0,0.0
382,0.0,0,0.0,0.0
383,-45.56322621337161,0,-0.6090806553342911,0.43
384,0.0,0,0.0,0.0
385,-57.65403276671455,0,-0.761350819167864,0.555
386,-31.98161310668577,0,-0.30454032766714556,0.445
387,-24.381613106685794,0,-0.30454032766714556,0.255
388,-80.17277600660438,1,-0.8443194001651105,0.935
389,-17.581613106685822,0,-0.30454032766714556,0.085
390,0.0,0,0.0,0.0
391,-15.581613106685825,0,-0.30454032766714556,0.035
392,-7.490806553342912,0,-0.15227016383357278,0.01
393,-53.96322621337157,0,-0.6090806553342911,0.64
394,0.0,0,0.0,0.0
395,-11.2908065533429,0,-0.15227016383357278,0.105
396,0.0,0,0.0,0.0
397,-27.381613106685784,0,-0.30454032766714556,0.33
398,-32.18161310668577,0,-0.30454032766714556,0.45
399,0.0,0,0.0,0.0
400,0.0,0,0.0,0.0
401,-10.690806553342902,0,-0.15227016383357278,0.09
402,0.0,0,0.0,0.0
403,-14.490806553342889,0,-0.15227016383357278,0.185
404,-7.690806553342912,0,-0.15227016383357278,0.015
405,0.0,0,0.0,0.0
406,0.0,0,0.0,0.0
407,-23.781613106685796,0,-0.30454032766714556,0.24
408,-7.290806553342912,0,-0.15227016383357278,0.005
409,0.0,0,0.0,0.0
410,-43.67241966002874,0,-0.45681049150071834,0.56
411,-9.290806553342907,0,-0.15227016383357278,0.055
412,0.0,0,0.0,0.0
413,-20.581613106685808,0,-0.30454032766714556,0.16
414,-13.490806553342892,0,-0.15227016383357278,0.16
415,-27.98161310668578,0,-0.30454032766714556,0.345
416,0.0,0,0.0,0.0
417,-21.781613106685803,0,-0.30454032766714556,0.19
418,0.0,0,0.0,0.0
419,-21.581613106685804,0,-0.30454032766714556,0.185
420,0.0,0,0.0,0.0
421,0.0,0,0.0,0.0
422,-55.65403276671455,0,-0.761350819167864,0.505
423,-10.490806553342903,0,-0.15227016383357278,0.085
424,-106.44519566663323,1,-1.3011298916658287,1.06
425,-39.072419660028764,0,-0.45681049150071834,0.445
426,0.0,0,0.0,0.0
427,-10.890806553342902,0,-0.15227016383357278,0.095
428,0.0,0,0.0,0.0
429,0.0,0,0.0,0.0
430,0.0,0,0.0,0.0
431,0.0,0,0.0,0.0
432,0.0,0,0.0,0.0
433,-13.290806553342893,0,-0.15227016383357278,0.155
434,0.0,0,0.0,0.0
435,0.0,0,0.0,0.0
436,-13.890806553342891,0,-0.15227016383357278,0.17
437,0.0,0,0.0,0.0
438,0.0,0,0.0,0.0
439,0.0,0,0.0,0.0
440,0.0,0,0.0,0.0
441,0.0,0,0.0,0.0
442,0.0,0,0.0,0.0
443,0.0,0,0.0,0.0
444,0.0,0,0.0,0.0
445,-22.9816131066858,0,-0.30454032766714556,0.22
446,0.0,0,0.0,0.0
447,-15.490806553342885,0,-0.15227016383357278,0.21
448,0.0,0,0.0,0.0
449,-10.690806553342902,0,-0.15227016383357278,0.09
450,0.0,0,0.0,0.0
451,-9.090806553342908,0,-0.15227016383357278,0.05
452,-149.00382059058376,3,-2.860576179958831,0.5988372093023255
453,-18.781613106685818,0,-0.30454032766714556,0.115
454,-7.490806553342912,0,-0.15227016383357278,0.01
455,-26.272419660028735,0,-0.45681049150071834,0.125
456,0.0,0,0.0,0.0
457,-11.4908065533429,0,-0.15227016383357278,0.11
458,0.0,0,0.0,0.0
459,0.0,0,0.0,0.0
460,-131.7153146819514,2,-3.6301479768728293,1.2678571428571428
461,0.0,0,0.0,0.0
462,0.0,0,0.0,0.0
463,-15.690806553342885,0,-0.15227016383357278,0.215
464,-35.672419660028766,0,-0.45681049150071834,0.36
465,0.0,0,0.0,0.0
466,0.0,0,0.0,0.0
467,-7.290806553342912,0,-0.15227016383357278,0.005
468,0.0,0,0.0,0.0
469,0.0,0,0.0,0.0
470,0.0,0,0.0,0.0
471,0.0,0,0.0,0.0
472,-9.290806553342907,0,-0.15227016383357278,0.055
473,-10.290806553342904,0,-0.15227016383357278,0.08
474,0.0,0,0.0,0.0
475,0.0,0,0.0,0.0
476,0.0,0,0.0,0.0
477,0.0,0,0.0,0.0
478,0.0,0,0.0,0.0
479,0.0,0,0.0,0.0
480,0.0,0,0.0,0.0
481,-128.936002219976,1,-1.4534000554994018,1.445
482,-37.272419660028746,0,-0.45681049150071834,0.4
483,0.0,0,0.0,0.0
484,-34.07241966002875,0,-0.45681049150071834,0.32
485,-29.672419660028748,0,-0.45681049150071834,0.21
486,0.0,0,0.0,0.0
487,-22.3816131066858,0,-0.30454032766714556,0.205
488,0.0,0,0.0,0.0
489,0.0,0,0.0,0.0
490,0.0,0,0.0,0.0
491,0.0,0,0.0,0.0
492,0.0,0,0.0,0.0
493,0.0,0,0.0,0.0
494,0.0,0,0.0,0.0
495,0.0,0,0.0,0.0
496,0.0,0,0.0,0.0
497,-36.072419660028736,0,-0.45681049150071834,0.37
498,-14.890806553342887,0,-0.15227016383357278,0.195
499,0.0,0,0.0,0.0
500,0.0,0,0.0,0.0
501,0.0,0,0.0,0.0
502,0.0,0,0.0,0.0
503,0.0,0,0.0,0.0
504,0.0,0,0.0,0.0
505,-41.36322621337162,0,-0.6090806553342911,0.325
506,0.0,0,0.0,0.0
507,0.0,0,0.0,0.0
508,0.0,0,0.0,0.0
509,0.0,0,0.0,0.0
510,0.0,0,0.0,0.0
511,0.0,0,0.0,0.0
512,-17.181613106685823,0,-0.30454032766714556,0.075
513,-10.490806553342903,0,-0.15227016383357278,0.085
514,-8.290806553342911,0,-0.15227016383357278,0.03
515,-19.58161310668581,0,-0.30454032766714556,0.135
516,-11.690806553342899,0,-0.15227016383357278,0.115
517,0.0,0,0.0,0.0
518,0.0,0,0.0,0.0
519,0.0,0,0.0,0.0
520,-7.490806553342912,0,-0.15227016383357278,0.01
521,0.0,0,0.0,0.0
522,-85.94483932005754,0,-0.9136209830014367,1.085
523,0.0,0,0.0,0.0
524,-14.490806553342889,0,-0.15227016383357278,0.185
525,0.0,0,0.0,0.0
526,0.0,0,0.0,0.0
527,-16.98161310668582,0,-0.30454032766714556,0.07
528,0.0,0,0.0,0.0
529,0.0,0,0.0,0.0
530,0.0,0,0.0,0.0
531,0.0,0,0.0,0.0
532,0.0,0,0.0,0.0
533,-8.290806553342911,0,-0.15227016383357278,0.03
534,0.0,0,0.0,0.0
535,0.0,0,0.0,0.0
536,-8.090806553342912,0,-0.15227016383357278,0.025
537,0.0,0,0.0,0.0
538,0.0,0,0.0,0.0
539,0.0,0,0.0,0.0
540,-28.07241966002872,0,-0.45681049150071834,0.17
541,0.0,0,0.0,0.0
542,-9.890806553342905,0,-0.15227016383357278,0.07
543,-15.290806553342886,0,-0.15227016383357278,0.205
544,-11.690806553342899,0,-0.15227016383357278,0.115
545,-10.290806553342904,0,-0.15227016383357278,0.08
546,0.0,0,0.0,0.0
547,-10.890806553342902,0,-0.15227016383357278,0.095
548,0.0,0,0.0,0.0
549,-28.672419660028737,0,-0.45681049150071834,0.185
550,-7.290806553342912,0,-0.15227016383357278,0.005
551,0.0,0,0.0,0.0
552,0.0,0,0.0,0.0
553,0.0,0,0.0,0.0
554,0.0,0,0.0,0.0
555,-22.9816131066858,0,-0.30454032766714556,0.22
556,-10.290806553342904,0,-0.15227016383357278,0.08
557,0.0,0,0.0,0.0
558,0.0,0,0.0,0.0
559,-39.36322621337162,0,-0.6090806553342911,0.275
560,-31.98161310668577,0,-0.30454032766714556,0.445
561,0.0,0,0.0,0.0
562,-14.690806553342888,0,-0.15227016383357278,0.19
563,-17.981613106685817,0,-0.30454032766714556,0.095
564,0.0,0,0.0,0.0
565,0.0,0,0.0,0.0
566,0.0,0,0.0,0.0
567,0.0,0,0.0,0.0
568,0.0,0,0.0,0.0
569,-11.4908065533429,0,-0.15227016383357278,0.11
570,-7.290806553342912,0,-0.15227016383357278,0.005
571,-12.890806553342895,0,-0.15227016383357278,0.145
572,0.0,0,0.0,0.0
573,0.0,0,0.0,0.0
574,0.0,0,0.0,0.0
575,-16.781613106685825,0,-0.30454032766714556,0.065
576,-10.890806553342902,0,-0.15227016383357278,0.095
577,-35.76322621337164,0,-0.6090806553342911,0.185
578,0.0,0,0.0,0.0
579,-26.781613106685786,0,-0.30454032766714556,0.315
580,0.0,0,0.0,0.0
581,0.0,0,0.0,0.0
582,0.0,0,0.0,0.0
583,-27.272419660028724,0,-0.45681049150071834,0.15
584,0.0,0,0.0,0.0
585,-42.47241966002877,0,-0.45681049150071834,0.53
586,-49.96322621337161,0,-0.6090806553342911,0.54
587,-18.181613106685816,0,-0.30454032766714556,0.1
588,0.0,0,0.0,0.0
589,-29.381613106685776,0,-0.30454032766714556,0.38
590,-13.290806553342893,0,-0.15227016383357278,0.155
591,0.0,0,0.0,0.0
592,0.0,0,0.0,0.0
593,0.0,0,0.0,0.0
594,0.0,0,0.0,0.0
595,0.0,0,0.0,0.0
596,0.0,0,0.0,0.0
597,0.0,0,0.0,0.0
598,0.0,0,0.0,0.0
599,-18.781613106685814,0,-0.30454032766714556,0.115
600,-18.781613106685814,0,-0.30454032766714556,0.115
601,-53.363226213371576,0,-0.6090806553342911,0.625
602,0.0,0,0.0,0.0
603,-75.45403276671455,0,-0.761350819167864,1.0
604,0.0,0,0.0,0.0
605,-8.290806553342911,0,-0.15227016383357278,0.03
606,0.0,0,0.0,0.0
607,0.0,0,0.0,0.0
608,0.0,0,0.0,0.0
609,0.0,0,0.0,0.0
610,-55.163226213371644,0,-0.6090806553342911,0.67
611,0.0,0,0.0,0.0
612,0.0,0,0.0,0.0
613,-43.67241966002877,0,-0.45681049150071834,0.56
614,0.0,0,0.0,0.0
615,0.0,0,0.0,0.0
616,0.0,0,0.0,0.0
617,-8.49080655334291,0,-0.15227016383357278,0.035
618,-14.490806553342889,0,-0.15227016383357278,0.185
619,0.0,0,0.0,0.0
620,0.0,0,0.0,0.0
621,-7.490806553342912,0,-0.15227016383357278,0.01
622,0.0,0,0.0,0.0
623,0.0,0,0.0,0.0
624,-39.872419660028775,0,-0.45681049150071834,0.465
625,0.0,0,0.0,0.0
626,-57.25403276671456,0,-0.761350819167864,0.545
627,0.0,0,0.0,0.0
628,-10.490806553342903,0,-0.15227016383357278,0.085
629,0.0,0,0.0,0.0
630,0.0,0,0.0,0.0
631,0.0,0,0.0,0.0
632,-10.090806553342905,0,-0.15227016383357278,0.075
633,-45.87241966002879,0,-0.45681049150071834,0.615
634,0.0,0,0.0,0.0
635,0.0,0,0.0,0.0
636,0.0,0,0.0,0.0
637,-68.45403276671455,0,-0.761350819167864,0.825
638,0.0,0,0.0,0.0
639,-18.181613106685816,0,-0.30454032766714556,0.1
640,0.0,0,0.0,0.0
641,0.0,0,0.0,0.0
642,0.0,0,0.0,0.0
643,0.0,0,0.0,0.0
644,-35.672419660028766,0,-0.45681049150071834,0.36
645,-58.963226213371556,0,-0.6090806553342911,0.765
646,0.0,0,0.0,0.0
647,-63.16322621337156,0,-0.6090806553342911,0.87
648,0.0,0,0.0,0.0
649,-59.25403276671453,0,-0.761350819167864,0.595
650,-18.181613106685816,0,-0.30454032766714556,0.1
651,0.0,0,0.0,0.0
652,0.0,0,0.0,0.0
653,-21.581613106685804,0,-0.30454032766714556,0.185
654,0.0,0,0.0,0.0
655,0.0,0,0.0,0.0
656,0.0,0,0.0,0.0
657,0.0,0,0.0,0.0
658,0.0,0,0.0,0.0
659,0.0,0,0.0,0.0
660,-11.890806553342898,0,-0.15227016383357278,0.12
661,0.0,0,0.0,0.0
662,-47.5632262133716,0,-0.6090806553342911,0.48
663,0.0,0,0.0,0.0
664,0.0,0,0.0,0.0
665,-7.690806553342912,0,-0.15227016383357278,0.015
666,0.0,0,0.0,0.0
667,0.0,0,0.0,0.0
668,0.0,0,0.0,0.0
669,0.0,0,0.0,0.0
670,0.0,0,0.0,0.0
671,0.0,0,0.0,0.0
672,0.0,0,0.0,0.0
673,0.0,0,0.0,0.0
674,-38.07241966002877,0,-0.45681049150071834,0.42
675,0.0,0,0.0,0.0
676,-23.872419660028736,0,-0.45681049150071834,0.065
677,-8.49080655334291,0,-0.15227016383357278,0.035
678,0.0,0,0.0,0.0
679,-23.381613106685798,0,-0.30454032766714556,0.23
680,-57.36322621337156,0,-0.6090806553342911,0.725
681,-23.381613106685798,0,-0.30454032766714556,0.23
682,-9.490806553342907,0,-0.15227016383357278,0.06
683,0.0,0,0.0,0.0
684,-12.290806553342897,0,-0.15227016383357278,0.13
685,0.0,0,0.0,0.0
686,-15.381613106685824,0,-0.30454032766714556,0.03
687,-14.890806553342887,0,-0.15227016383357278,0.195
688,-32.56322621337165,0,-0.6090806553342911,0.105
689,0.0,0,0.0,0.0
690,0.0,0,0.0,0.0
691,-7.490806553342912,0,-0.15227016383357278,0.01
692,0.0,0,0.0,0.0
693,0.0,0,0.0,0.0
694,0.0,0,0.0,0.0
695,-9.690806553342906,0,-0.15227016383357278,0.065
696,0.0,0,0.0,0.0
697,0.0,0,0.0,0.0
698,0.0,0,0.0,0.0
699,-47.672419660028794,0,-0.45681049150071834,0.66
700,-8.090806553342912,0,-0.15227016383357278,0.025
701,0.0,0,0.0,0.0
702,-11.2908065533429,0,-0.15227016383357278,0.105
703,-12.890806553342895,0,-0.15227016383357278,0.145
704,0.0,0,0.0,0.0
705,-60.56322621337155,0,-0.6090806553342911,0.805
706,-8.090806553342912,0,-0.15227016383357278,0.025
707,0.0,0,0.0,0.0
708,0.0,0,0.0,0.0
709,-8.890806553342909,0,-0.15227016383357278,0.045
710,0.0,0,0.0,0.0
711,-62.1727760066044,1,-0.8443194001651105,0.485
712,0.0,0,0.0,0.0
713,0.0,0,0.0,0.0
714,0.0,0,0.0,0.0
715,0.0,0,0.0,0.0
716,-53.363226213371576,0,-0.6090806553342911,0.625
717,0.0,0,0.0,0.0
718,0.0,0,0.0,0.0
719,0.0,0,0.0,0.0
720,-47.763226213371595,0,-0.6090806553342911,0.485
721,-9.290806553342907,0,-0.15227016383357278,0.055
722,-13.290806553342893,0,-0.15227016383357278,0.155
723,0.0,0,0.0,0.0
724,-21.581613106685804,0,-0.30454032766714556,0.185
725,-128.4647519492887,2,-2.2191508681871936,0.5652173913043478
726,0.0,0,0.0,0.0
727,-47.1632262133716,0,-0.6090806553342911,0.47
728,0.0,0,0.0,0.0
729,0.0,0,0.0,0.0
730,0.0,0,0.0,0.0
731,0.0,0,0.0,0.0
732,0.0,0,0.0,0.0
733,-35.4724196600287,0,-0.45681049150071834,0.355
734,-52.363226213371576,0,-0.6090806553342911,0.6
735,0.0,0,0.0,0.0
736,0.0,0,0.0,0.0
737,-11.090806553342901,0,-0.15227016383357278,0.1
738,0.0,0,0.0,0.0
739,0.0,0,0.0,0.0
740,0.0,0,0.0,0.0
741,-37.27241966002873,0,-0.45681049150071834,0.4
742,0.0,0,0.0,0.0
743,-141.19537383992096,1,-1.4948843459980248,1.66
744,-15.781613106685825,0,-0.30454032766714556,0.04
745,-37.072419660028764,0,-0.45681049150071834,0.395
746,0.0,0,0.0,0.0
747,-34.163226213371644,0,-0.6090806553342911,0.145
748,0.0,0,0.0,0.0
749,0.0,0,0.0,0.0
750,0.0,0,0.0,0.0
751,-21.981613106685803,0,-0.30454032766714556,0.195
752,0.0,0,0.0,0.0
753,0.0,0,0.0,0.0
754,-30.872419660028726,0,-0.45681049150071834,0.24
755,-98.17277600660435,1,-0.8443194001651105,1.385
756,0.0,0,0.0,0.0
757,-10.290806553342904,0,-0.15227016383357278,0.08
758,-45.7632262133716,0,-0.6090806553342911,0.435
759,0.0,0,0.0,0.0
760,-9.090806553342908,0,-0.15227016383357278,0.05
761,0.0,0,0.0,0.0
762,0.0,0,0.0,0.0
763,0.0,0,0.0,0.0
764,0.0,0,0.0,0.0
765,0.0,0,0.0,0.0
766,0.0,0,0.0,0.0
767,0.0,0,0.0,0.0
768,0.0,0,0.0,0.0
769,0.0,0,0.0,0.0
770,-13.890806553342891,0,-0.15227016383357278,0.17
771,0.0,0,0.0,0.0
772,0.0,0,0.0,0.0
773,-13.290806553342893,0,-0.15227016383357278,0.155
774,-9.690806553342906,0,-0.15227016383357278,0.065
775,-15.490806553342885,0,-0.15227016383357278,0.21
776,0.0,0,0.0,0.0
777,-94.35438911329028,1,-1.148859727832256,0.935
778,-13.690806553342892,0,-0.15227016383357278,0.165
779,-36.872419660028726,0,-0.45681049150071834,0.39
780,-21.581613106685804,0,-0.30454032766714556,0.185
781,-25.38161310668579,0,-0.30454032766714556,0.28
782,0.0,0,0.0,0.0
783,-126.80612123529431,2,-4.966256888368993,0.9318181818181818
784,0.0,0,0.0,0.0
785,0.0,0,0.0,0.0
786,-9.690806553342906,0,-0.15227016383357278,0.065
787,0.0,0,0.0,0.0
788,0.0,0,0.0,0.0
789,0.0,0,0.0,0.0
790,-27.87241966002873,0,-0.45681049150071834,0.165
791,-44.56322621337161,0,-0.6090806553342911,0.405
792,-20.38161310668581,0,-0.30454032766714556,0.155
793,-52.16322621337159,0,-0.6090806553342911,0.595
794,0.0,0,0.0,0.0
795,0.0,0,0.0,0.0
796,0.0,0,0.0,0.0
797,0.0,0,0.0,0.0
798,0.0,0,0.0,0.0
799,-14.09080655334289,0,-0.15227016383357278,0.175
800,0.0,0,0.0,0.0
801,0.0,0,0.0,0.0
802,0.0,0,0.0,0.0
803,-7.490806553342912,0,-0.15227016383357278,0.01
804,0.0,0,0.0,0.0
805,0.0,0,0.0,0.0
806,0.0,0,0.0,0.0
807,0.0,0,0.0,0.0
808,-9.490806553342907,0,-0.15227016383357278,0.06
809,0.0,0,0.0,0.0
810,-25.18161310668579,0,-0.30454032766714556,0.275
811,0.0,0,0.0,0.0
812,0.0,0,0.0,0.0
813,0.0,0,0.0,0.0
814,-9.090806553342908,0,-0.15227016383357278,0.05
815,-24.981613106685792,0,-0.30454032766714556,0.27
816,-40.56322621337162,0,-0.6090806553342911,0.305
817,-15.290806553342886,0,-0.15227016383357278,0.205
818,-10.690806553342902,0,-0.15227016383357278,0.09
819,-46.9632262133716,0,-0.6090806553342911,0.465
820,-11.890806553342898,0,-0.15227016383357278,0.12
821,-9.690806553342906,0,-0.15227016383357278,0.065
822,0.0,0,0.0,0.0
823,0.0,0,0.0,0.0
824,0.0,0,0.0,0.0
825,-30.98161310668577,0,-0.30454032766714556,0.42
826,0.0,0,0.0,0.0
827,-19.78161310668581,0,-0.30454032766714556,0.14
828,-27.67241966002873,0,-0.45681049150071834,0.16
829,-12.290806553342897,0,-0.15227016383357278,0.13
830,-25.98161310668579,0,-0.30454032766714556,0.295
831,0.0,0,0.0,0.0
832,0.0,0,0.0,0.0
833,-22.381613106685805,0,-0.30454032766714556,0.205
834,-57.45403276671455,0,-0.761350819167864,0.55
835,0.0,0,0.0,0.0
836,0.0,0,0.0,0.0
837,0.0,0,0.0,0.0
838,-45.45403276671455,0,-0.761350819167864,0.25
839,0.0,0,0.0,0.0
840,0.0,0,0.0,0.0
841,0.0,0,0.0,0.0
842,-24.981613106685792,0,-0.30454032766714556,0.27
843,0.0,0,0.0,0.0
844,-23.27241966002874,0,-0.45681049150071834,0.05
845,0.0,0,0.0,0.0
846,0.0,0,0.0,0.0
847,0.0,0,0.0,0.0
848,0.0,0,0.0,0.0
849,-28.472419660028727,0,-0.45681049150071834,0.18
850,-10.290806553342904,0,-0.15227016383357278,0.08
851,0.0,0,0.0,0.0
852,0.0,0,0.0,0.0
853,0.0,0,0.0,0.0
854,0.0,0,0.0,0.0
855,-11.090806553342901,0,-0.15227016383357278,0.1
856,0.0,0,0.0,0.0
857,0.0,0,0.0,0.0
858,0.0,0,0.0,0.0
859,0.0,0,0.0,0.0
860,0.0,0,0.0,0.0
861,-23.1816131066858,0,-0.30454032766714556,0.225
862,0.0,0,0.0,0.0
863,0.0,0,0.0,0.0
864,-11.090806553342901,0,-0.15227016383357278,0.1
865,0.0,0,0.0,0.0
866,0.0,0,0.0,0.0
867,-23.9816131066858,0,-0.30454032766714556,0.245
868,0.0,0,0.0,0.0
869,-27.072419660028732,0,-0.45681049150071834,0.145
870,0.0,0,0.0,0.0
871,0.0,0,0.0,0.0
872,0.0,0,0.0,0.0
873,0.0,0,0.0,0.0
874,0.0,0,0.0,0.0
875,0.0,0,0.0,0.0
876,0.0,0,0.0,0.0
877,-39.654032766714565,0,-0.761350819167864,0.105
878,0.0,0,0.0,0.0
879,0.0,0,0.0,0.0
880,-27.581613106685783,0,-0.30454032766714556,0.335
881,0.0,0,0.0,0.0
882,0.0,0,0.0,0.0
883,-24.181613106685795,0,-0.30454032766714556,0.25
884,-32.07241966002876,0,-0.45681049150071834,0.27
885,0.0,0,0.0,0.0
886,0.0,0,0.0,0.0
887,-43.27241966002878,0,-0.45681049150071834,0.55
888,0.0,0,0.0,0.0
889,0.0,0,0.0,0.0
890,0.0,0,0.0,0.0
891,-26.981613106685785,0,-0.30454032766714556,0.32
892,-25.78161310668579,0,-0.30454032766714556,0.29
893,0.0,0,0.0,0.0
894,-10.890806553342902,0,-0.15227016383357278,0.095
895,-24.981613106685792,0,-0.30454032766714556,0.27
896,-144.963938906523,2,-1.3840984726630754,1.84
897,0.0,0,0.0,0.0
898,-8.890806553342909,0,-0.15227016383357278,0.045
899,0.0,0,0.0,0.0
900,0.0,0,0.0,0.0
901,0.0,0,0.0,0.0
902,0.0,0,0.0,0.0
903,0.0,0,0.0,0.0
904,0.0,0,0.0,0.0
905,-31.472419660028752,0,-0.45681049150071834,0.255
906,-36.27241966002872,0,-0.45681049150071834,0.375
907,0.0,0,0.0,0.0
908,0.0,0,0.0,0.0
909,-9.490806553342907,0,-0.15227016383357278,0.06
910,-8.090806553342912,0,-0.15227016383357278,0.025
911,0.0,0,0.0,0.0
912,0.0,0,0.0,0.0
913,0.0,0,0.0,0.0
914,0.0,0,0.0,0.0
915,-14.690806553342888,0,-0.15227016383357278,0.19
916,-41.96322621337162,0,-0.6090806553342911,0.34
917,-26.381613106685787,0,-0.30454032766714556,0.305
918,0.0,0,0.0,0.0
919,0.0,0,0.0,0.0
920,0.0,0,0.0,0.0
921,-43.163226213371615,0,-0.6090806553342911,0.37
922,0.0,0,0.0,0.0
923,-10.090806553342905,0,-0.15227016383357278,0.075
924,-14.29080655334289,0,-0.15227016383357278,0.18
925,-18.181613106685816,0,-0.30454032766714556,0.1
926,-7.890806553342912,0,-0.15227016383357278,0.02
927,0.0,0,0.0,0.0
928,0.0,0,0.0,0.0
929,0.0,0,0.0,0.0
930,-26.381613106685787,0,-0.30454032766714556,0.305
931,-39.07241966002877,0,-0.45681049150071834,0.445
932,0.0,0,0.0,0.0
933,-9.290806553342907,0,-0.15227016383357278,0.055
934,0.0,0,0.0,0.0
935,-30.381613106685773,0,-0.30454032766714556,0.405
936,0.0,0,0.0,0.0
937,0.0,0,0.0,0.0
938,-33.87241966002871,0,-0.45681049150071834,0.315
939,0.0,0,0.0,0.0
940,-27.87241966002873,0,-0.45681049150071834,0.165
941,0.0,0,0.0,0.0
942,0.0,0,0.0,0.0
943,0.0,0,0.0,0.0
944,-41.36322621337162,0,-0.6090806553342911,0.325
945,0.0,0,0.0,0.0
946,0.0,0,0.0,0.0
947,-62.1727760066044,1,-0.8443194001651105,0.485
948,0.0,0,0.0,0.0
949,-15.490806553342885,0,-0.15227016383357278,0.21
950,-7.490806553342912,0,-0.15227016383357278,0.01
951,-42.67241966002872,0,-0.45681049150071834,0.535
952,0.0,0,0.0,0.0
953,0.0,0,0.0,0.0
954,-94.04289502192265,2,-1.5760723755480661,0.3
955,-49.654032766714565,0,-0.761350819167864,0.355
956,0.0,0,0.0,0.0
957,-44.76322621337161,0,-0.6090806553342911,0.41
958,0.0,0,0.0,0.0
959,0.0,0,0.0,0.0
960,-16.581613106685825,0,-0.30454032766714556,0.06
961,0.0,0,0.0,0.0
962,0.0,0,0.0,0.0
963,-13.690806553342892,0,-0.15227016383357278,0.165
964,0.0,0,0.0,0.0
965,0.0,0,0.0,0.0
966,-16.290806553342883,0,-0.15227016383357278,0.23
967,0.0,0,0.0,0.0
968,0.0,0,0.0,0.0
969,-14.490806553342889,0,-0.15227016383357278,0.185
970,-38.27241966002877,0,-0.45681049150071834,0.425
971,0.0,0,0.0,0.0
972,-30.07241966002872,0,-0.45681049150071834,0.22
973,-96.55438911329028,1,-1.148859727832256,0.99
974,-7.290806553342912,0,-0.15227016383357278,0.005
975,-26.181613106685788,0,-0.30454032766714556,0.3
976,-26.87241966002873,0,-0.45681049150071834,0.14
977,0.0,0,0.0,0.0
978,0.0,0,0.0,0.0
979,-37.28196945326151,1,-0.6920492363315377,0.04
980,-7.290806553342912,0,-0.15227016383357278,0.005
981,0.0,0,0.0,0.0
982,0.0,0,0.0,0.0
983,0.0,0,0.0,0.0
984,0.0,0,0.0,0.0
985,0.0,0,0.0,0.0
986,0.0,0,0.0,0.0
987,0.0,0,0.0,0.0
988,-25.98161310668579,0,-0.30454032766714556,0.295
989,-44.76322621337168,0,-0.6090806553342911,0.41
990,0.0,0,0.0,0.0
991,0.0,0,0.0,0.0
992,-15.690806553342885,0,-0.15227016383357278,0.215
993,0.0,0,0.0,0.0
994,0.0,0,0.0,0.0
995,-15.690806553342885,0,-0.15227016383357278,0.215
996,0.0,0,0.0,0.0
997,0.0,0,0.0,0.0
998,0.0,0,0.0,0.0
999,0.0,0,0.0,0.0
1000,0.0,0,0.0,0.0
