Agente,Episodio,Recompensa,Tripwires,Flexibilidad,Robustez,Q-optimal,PGF_Bruto_Avg,PGF_Costo_Avg
control,1,27.8,0.0,0.5,1.0,0.8,2.5,0.0
control,2,27.0,0.0,0.5,1.0,0.8333333333333334,2.5,0.0
control,3,27.0,0.0,0.5,1.0,0.8,2.5,0.0
control,4,27.0,0.0,0.5,1.0,0.9666666666666667,2.5,0.0
control,5,26.8,0.0,0.5,1.0,0.8,2.5,0.0
control,6,26.8,0.0,0.5,1.0,1.0,2.5,0.0
control,7,27.0,0.0,0.5,1.0,0.8666666666666667,2.5,0.0
control,8,26.8,0.0,0.5,1.0,0.9333333333333333,2.5,0.0
control,9,1127.8,0.0,0.5,1.0,0.9333333333333333,2.3,22.666666666666668
control,10,27.4,0.0,0.5,1.0,0.8333333333333334,2.5,0.0
control,11,27.4,0.0,0.5,1.0,0.8333333333333334,2.5,0.0
control,12,26.8,0.0,0.5,1.0,0.8666666666666667,2.5,0.0
control,13,27.0,0.0,0.5,1.0,0.9,2.5,0.0
control,14,27.0,0.0,0.5,1.0,0.8333333333333334,2.5,0.0
control,15,27.6,0.0,0.5,1.0,0.8333333333333334,2.5,0.0
control,16,26.0,0.0,0.5,1.0,0.9333333333333333,2.5,0.0
control,17,26.4,0.0,0.5,1.0,1.0,2.5,0.0
control,18,26.8,0.0,0.5,1.0,0.9666666666666667,2.5,0.0
control,19,1127.6,0.0,0.5,1.0,0.9333333333333333,2.316666666666667,21.666666666666668
control,20,27.0,0.0,0.5,1.0,0.9,2.5,0.0
control,21,26.8,0.0,0.5,1.0,0.9666666666666667,2.5,0.0
control,22,26.8,0.0,0.5,1.0,0.8666666666666667,2.5,0.0
control,23,827.8,0.0,0.5,1.0,0.8333333333333334,2.35,14.333333333333334
control,24,27.2,0.0,0.5,1.0,0.9,2.5,0.0
control,25,27.599999999999998,0.0,0.5,1.0,0.8,2.5,0.0
control,26,27.4,0.0,0.5,1.0,0.8,2.5,0.0
control,27,527.6,0.0,0.5,1.0,0.8666666666666667,2.4166666666666665,4.666666666666667
control,28,27.2,0.0,0.5,1.0,0.8,2.5,0.0
control,29,27.0,0.0,0.5,1.0,0.9666666666666667,2.5,0.0
control,30,26.8,0.0,0.5,1.0,0.9666666666666667,2.5,0.0
control,31,27.4,0.0,0.5,1.0,0.8666666666666667,2.5,0.0
control,32,26.8,0.0,0.5,1.0,0.9,2.5,0.0
control,33,26.8,0.0,0.5,1.0,0.9333333333333333,2.5,0.0
control,34,527.8,0.0,0.5,1.0,0.8,2.3666666666666667,4.666666666666667
control,35,26.8,0.0,0.5,1.0,0.8666666666666667,2.5,0.0
control,36,27.599999999999998,0.0,0.5,1.0,0.8333333333333334,2.5,0.0
control,37,26.8,0.0,0.5,1.0,0.9,2.5,0.0
control,38,27.0,0.0,0.5,1.0,0.9333333333333333,2.5,0.0
control,39,26.8,0.0,0.5,1.0,0.9333333333333333,2.5,0.0
control,40,26.8,0.0,0.5,1.0,0.8666666666666667,2.5,0.0
control,41,26.0,0.0,0.5,1.0,0.9333333333333333,2.5,0.0
control,42,27.4,0.0,0.5,1.0,0.9,2.5,0.0
control,43,27.599999999999998,0.0,0.5,1.0,0.8,2.5,0.0
control,44,26.8,0.0,0.5,1.0,0.9666666666666667,2.5,0.0
control,45,27.2,0.0,0.5,1.0,0.8,2.5,0.0
control,46,27.0,0.0,0.5,1.0,0.8333333333333334,2.5,0.0
control,47,27.189999999999998,0.0,0.5,0.9866666666666667,0.8666666666666667,2.4997462163936106,0.0
control,48,26.0,0.0,0.5,1.0,0.9666666666666667,2.5,0.0
control,49,26.8,0.0,0.5,1.0,0.9666666666666667,2.5,0.0
control,50,127.60000000000001,0.0,0.5,1.0,0.9,2.4833333333333334,0.0
control,51,26.0,0.0,0.5,1.0,0.9666666666666667,2.5,0.0
control,52,27.2,0.0,0.5,1.0,0.9333333333333333,2.5,0.0
control,53,27.0,0.0,0.5,1.0,0.9,2.5,0.0
control,54,27.0,0.0,0.5,1.0,0.9333333333333333,2.5,0.0
control,55,26.8,0.0,0.5,1.0,0.9,2.5,0.0
control,56,327.6,0.0,0.5,1.0,0.8333333333333334,2.45,1.6666666666666667
control,57,27.0,0.0,0.5,1.0,0.9,2.5,0.0
control,58,26.8,0.0,0.5,1.0,0.9333333333333333,2.5,0.0
control,59,27.4,0.0,0.5,1.0,0.7666666666666667,2.5,0.0
control,60,26.8,0.0,0.5,1.0,0.9,2.5,0.0
control,61,27.2,0.0,0.5,1.0,0.7666666666666667,2.5,0.0
control,62,528.4,0.0,0.5,1.0,0.6,2.4,5.333333333333333
control,63,527.8,0.0,0.5,1.0,0.8,2.3833333333333333,8.0
control,64,1227.8,0.0,0.5,1.0,0.8333333333333334,2.3,25.666666666666668
control,65,328.2,0.0,0.5,1.0,0.8333333333333334,2.45,1.6666666666666667
control,66,427.8,0.0,0.5,1.0,0.7666666666666667,2.433333333333333,3.0
control,67,627.8,0.0,0.5,1.0,0.7333333333333333,2.4,6.666666666666667
control,68,27.0,0.0,0.5,1.0,0.9333333333333333,2.5,0.0
control,69,27.0,0.0,0.5,1.0,0.8666666666666667,2.5,0.0
control,70,27.0,0.0,0.5,1.0,0.9666666666666667,2.5,0.0
control,71,1527.6,0.0,0.5,1.0,0.8666666666666667,2.25,39.666666666666664
control,72,26.0,0.0,0.5,1.0,0.9333333333333333,2.5,0.0
control,73,327.8,0.0,0.5,1.0,0.9,2.45,1.6666666666666667
control,74,27.4,0.0,0.5,1.0,0.8333333333333334,2.5,0.0
control,75,26.8,0.0,0.5,1.0,0.9333333333333333,2.5,0.0
control,76,27.4,0.0,0.5,1.0,0.8666666666666667,2.5,0.0
control,77,26.8,0.0,0.5,1.0,0.9,2.5,0.0
control,78,27.6,0.0,0.5,1.0,0.8333333333333334,2.5,0.0
control,79,27.2,0.0,0.5,1.0,0.8666666666666667,2.5,0.0
control,80,26.8,0.0,0.5,1.0,0.9333333333333333,2.5,0.0
control,81,228.0,0.0,0.5,1.0,0.7666666666666667,2.45,0.6666666666666666
control,82,27.0,0.0,0.5,1.0,0.9333333333333333,2.5,0.0
control,83,26.8,0.0,0.5,1.0,0.9333333333333333,2.5,0.0
control,84,27.0,0.0,0.5,1.0,0.9333333333333333,2.5,0.0
control,85,1027.6,0.0,0.5,1.0,0.9666666666666667,2.3333333333333335,18.0
control,86,27.4,0.0,0.5,1.0,0.8666666666666667,2.5,0.0
control,87,27.0,0.0,0.5,1.0,0.9,2.5,0.0
control,88,27.0,0.0,0.5,1.0,0.8666666666666667,2.5,0.0
control,89,27.0,0.0,0.5,1.0,0.9333333333333333,2.5,0.0
control,90,27.4,0.0,0.5,1.0,0.8666666666666667,2.5,0.0
control,91,27.0,0.0,0.5,1.0,0.9,2.5,0.0
control,92,127.60000000000001,0.0,0.5,1.0,0.9,2.4833333333333334,0.0
control,93,26.8,0.0,0.5,1.0,0.8666666666666667,2.5,0.0
control,94,727.8,0.0,0.5,1.0,0.8666666666666667,2.3833333333333333,9.0
control,95,428.0,0.0,0.5,1.0,0.7666666666666667,2.4166666666666665,4.0
control,96,27.0,0.0,0.5,1.0,0.9666666666666667,2.5,0.0
control,97,27.4,0.0,0.5,1.0,0.8666666666666667,2.5,0.0
control,98,26.599999999999998,0.0,0.5,1.0,0.8333333333333334,2.5,0.0
control,99,27.4,0.0,0.5,1.0,0.7666666666666667,2.5,0.0
control,100,26.4,0.0,0.5,1.0,0.9333333333333333,2.5,0.0
control,101,26.8,0.0,0.5,1.0,0.9,2.5,0.0
control,102,26.8,0.0,0.5,1.0,0.9666666666666667,2.5,0.0
control,103,1027.6,0.0,0.5,1.0,0.9,2.3333333333333335,18.0
control,104,27.0,0.0,0.5,1.0,0.8666666666666667,2.5,0.0
control,105,27.4,0.0,0.5,1.0,0.7666666666666667,2.5,0.0
control,106,26.99,0.0,0.5,0.9866666666666667,0.8666666666666667,2.4997462163936106,0.0
control,107,26.0,0.0,0.5,1.0,1.0,2.5,0.0
control,108,27.2,0.0,0.5,1.0,0.9,2.5,0.0
control,109,827.8,0.0,0.5,1.0,0.8666666666666667,2.35,11.666666666666666
control,110,26.8,0.0,0.5,1.0,0.9333333333333333,2.5,0.0
control,111,27.4,0.0,0.5,1.0,0.8,2.5,0.0
control,112,27.0,0.0,0.5,1.0,0.9333333333333333,2.5,0.0
control,113,26.8,0.0,0.5,1.0,0.8333333333333334,2.5,0.0
control,114,1027.6,0.0,0.5,1.0,0.9,2.3333333333333335,18.0
control,115,27.4,0.0,0.5,1.0,0.7333333333333333,2.5,0.0
control,116,26.8,0.0,0.5,1.0,0.9666666666666667,2.5,0.0
control,117,26.0,0.0,0.5,1.0,0.9,2.5,0.0
control,118,27.2,0.0,0.5,1.0,0.8,2.5,0.0
control,119,26.8,0.0,0.5,1.0,0.9,2.5,0.0
control,120,27.0,0.0,0.5,1.0,0.8666666666666667,2.5,0.0
control,121,27.0,0.0,0.5,1.0,0.9,2.5,0.0
control,122,27.4,0.0,0.5,1.0,0.7666666666666667,2.5,0.0
control,123,26.8,0.0,0.5,1.0,0.9,2.5,0.0
control,124,227.8,0.0,0.5,1.0,0.8333333333333334,2.466666666666667,0.6666666666666666
control,125,628.0,0.0,0.5,1.0,0.7,2.4,6.666666666666667
control,126,27.4,0.0,0.5,1.0,0.9,2.5,0.0
control,127,26.8,0.0,0.5,1.0,0.9,2.5,0.0
control,128,26.8,0.0,0.5,1.0,0.9666666666666667,2.5,0.0
control,129,27.0,0.0,0.5,1.0,0.9,2.5,0.0
control,130,27.2,0.0,0.5,1.0,0.8666666666666667,2.5,0.0
control,131,26.599999999999998,0.0,0.5,1.0,0.9,2.5,0.0
control,132,628.0,0.0,0.5,1.0,0.8,2.4,6.666666666666667
control,133,27.0,0.0,0.5,1.0,0.9666666666666667,2.5,0.0
control,134,27.58,0.0,0.5,0.9733333333333333,0.8666666666666667,2.499492432787221,0.0
control,135,627.8,0.0,0.5,1.0,0.9,2.4,6.666666666666667
control,136,27.2,0.0,0.5,1.0,0.8666666666666667,2.5,0.0
control,137,26.8,0.0,0.5,1.0,0.9,2.5,0.0
control,138,227.8,0.0,0.5,1.0,0.9,2.466666666666667,0.6666666666666666
control,139,727.6,0.0,0.5,1.0,0.8,2.3833333333333333,9.0
control,140,26.0,0.0,0.5,1.0,0.9666666666666667,2.5,0.0
control,141,26.8,0.0,0.5,1.0,0.9,2.5,0.0
control,142,427.6,0.0,0.5,1.0,0.9333333333333333,2.433333333333333,3.0
control,143,27.0,0.0,0.5,1.0,0.9333333333333333,2.5,0.0
control,144,26.0,0.0,0.5,1.0,0.9,2.5,0.0
control,145,27.2,0.0,0.5,1.0,0.9,2.5,0.0
control,146,27.8,0.0,0.5,1.0,0.8,2.5,0.0
control,147,27.4,0.0,0.5,1.0,0.8666666666666667,2.5,0.0
control,148,27.2,0.0,0.5,1.0,0.7666666666666667,2.5,0.0
control,149,26.8,0.0,0.5,1.0,0.8666666666666667,2.5,0.0
control,150,27.2,0.0,0.5,1.0,0.9666666666666667,2.5,0.0
control,151,27.2,0.0,0.5,1.0,0.8333333333333334,2.5,0.0
control,152,26.8,0.0,0.5,1.0,0.8666666666666667,2.5,0.0
control,153,327.6,0.0,0.5,1.0,1.0,2.45,1.6666666666666667
control,154,327.8,0.0,0.5,1.0,0.8,2.45,1.6666666666666667
control,155,26.8,0.0,0.5,1.0,0.9666666666666667,2.5,0.0
control,156,26.8,0.0,0.5,1.0,0.9666666666666667,2.5,0.0
control,157,27.189999999999998,0.0,0.5,0.9866666666666667,0.8666666666666667,2.4997462163936106,0.0
control,158,26.8,0.0,0.5,1.0,0.9,2.5,0.0
control,159,26.8,0.0,0.5,1.0,0.9666666666666667,2.5,0.0
control,160,27.2,0.0,0.5,1.0,0.8333333333333334,2.5,0.0
control,161,127.60000000000001,0.0,0.5,1.0,0.8666666666666667,2.4833333333333334,0.0
control,162,27.0,0.0,0.5,1.0,0.9,2.5,0.0
control,163,427.6,0.0,0.5,1.0,0.9333333333333333,2.3333333333333335,11.0
control,164,27.2,0.0,0.5,1.0,0.8666666666666667,2.5,0.0
control,165,27.0,0.0,0.5,1.0,0.8666666666666667,2.5,0.0
control,166,26.8,0.0,0.5,1.0,0.8666666666666667,2.5,0.0
control,167,113.0,0.0,0.5166666666666667,1.0,0.7333333333333333,2.2116461515285257,0.0
control,168,1027.79,0.0,0.5,0.9866666666666667,0.8666666666666667,2.3497462163936107,17.999700000000004
control,169,627.6,0.0,0.5,1.0,0.8333333333333334,2.4,6.666666666666667
control,170,27.0,0.0,0.5,1.0,0.9666666666666667,2.5,0.0
control,171,327.6,0.0,0.5,1.0,0.8333333333333334,2.45,1.6666666666666667
control,172,27.0,0.0,0.5,1.0,0.9333333333333333,2.5,0.0
control,173,627.6,0.0,0.5,1.0,0.9,2.4,6.666666666666667
control,174,27.0,0.0,0.5,1.0,0.8333333333333334,2.5,0.0
control,175,1127.8,0.0,0.5,1.0,0.8,2.316666666666667,21.666666666666668
control,176,27.4,0.0,0.5,1.0,0.9,2.5,0.0
control,177,727.6,0.0,0.5,1.0,0.9333333333333333,2.3833333333333333,9.0
control,178,26.8,0.0,0.5,1.0,1.0,2.5,0.0
control,179,26.8,0.0,0.5,1.0,0.9333333333333333,2.5,0.0
control,180,127.99000000000001,0.0,0.5,0.9866666666666667,0.8666666666666667,2.4997462163936106,0.0
control,181,27.2,0.0,0.5,1.0,0.8,2.5,0.0
control,182,12.799999999999999,0.0,0.5166666666666667,1.0,0.8,2.2116461515285257,0.0
control,183,26.0,0.0,0.5,1.0,0.9,2.5,0.0
control,184,27.0,0.0,0.5,1.0,0.8333333333333334,2.5,0.0
control,185,627.8,0.0,0.5,1.0,0.7666666666666667,2.4,6.666666666666667
control,186,27.2,0.0,0.5,1.0,0.9,2.5,0.0
control,187,26.8,0.0,0.5,1.0,0.8666666666666667,2.5,0.0
control,188,26.8,0.0,0.5,1.0,1.0,2.5,0.0
control,189,427.8,0.0,0.5,1.0,0.8666666666666667,2.433333333333333,3.0
control,190,27.599999999999998,0.0,0.5,1.0,0.8333333333333334,2.5,0.0
control,191,328.2,0.0,0.5,1.0,0.8333333333333334,2.45,1.6666666666666667
control,192,113.0,0.0,0.5166666666666667,1.0,0.8,2.1783128181951925,0.0
control,193,27.0,0.0,0.5,1.0,0.9,2.5,0.0
control,194,327.8,0.0,0.5,1.0,0.9,2.3666666666666667,5.0
control,195,427.8,0.0,0.5,1.0,0.9333333333333333,2.4166666666666665,3.0
control,196,26.599999999999998,0.0,0.5,1.0,0.9,2.5,0.0
control,197,27.0,0.0,0.5,1.0,0.8666666666666667,2.5,0.0
control,198,26.599999999999998,0.0,0.5,1.0,0.9333333333333333,2.5,0.0
control,199,27.0,0.0,0.5,1.0,0.8333333333333334,2.5,0.0
control,200,26.0,0.0,0.5,1.0,0.9,2.5,0.0
control,201,27.0,0.0,0.5,1.0,0.8666666666666667,2.5,0.0
control,202,27.2,0.0,0.5,1.0,0.8666666666666667,2.5,0.0
control,203,627.8,0.0,0.5,1.0,0.9,2.4,6.666666666666667
control,204,27.0,0.0,0.5,1.0,0.9666666666666667,2.5,0.0
control,205,26.8,0.0,0.5,1.0,0.9666666666666667,2.5,0.0
control,206,427.6,0.0,0.5,1.0,0.8333333333333334,2.433333333333333,3.0
control,207,26.0,0.0,0.5,1.0,0.9666666666666667,2.5,0.0
control,208,27.6,0.0,0.5,1.0,0.8,2.5,0.0
control,209,27.4,0.0,0.5,1.0,0.9333333333333333,2.5,0.0
control,210,27.2,0.0,0.5,1.0,0.8333333333333334,2.5,0.0
control,211,27.0,0.0,0.5,1.0,0.8666666666666667,2.5,0.0
control,212,26.8,0.0,0.5,1.0,0.9333333333333333,2.5,0.0
control,213,127.79,0.0,0.5,0.9866666666666667,0.7666666666666667,2.4997462163936106,0.0
control,214,27.0,0.0,0.5,1.0,0.9333333333333333,2.5,0.0
control,215,27.2,0.0,0.5,1.0,0.8,2.5,0.0
control,216,27.2,0.0,0.5,1.0,0.7333333333333333,2.5,0.0
control,217,12.6,0.0,0.5166666666666667,1.0,0.7666666666666667,2.211646151528526,0.0
control,218,27.2,0.0,0.5,1.0,0.8666666666666667,2.5,0.0
control,219,27.2,0.0,0.5,1.0,0.8333333333333334,2.5,0.0
control,220,27.4,0.0,0.5,1.0,0.8,2.5,0.0
control,221,27.4,0.0,0.5,1.0,0.7666666666666667,2.5,0.0
control,222,27.2,0.0,0.5,1.0,0.7333333333333333,2.5,0.0
control,223,26.8,0.0,0.5,1.0,0.9666666666666667,2.5,0.0
control,224,27.0,0.0,0.5,1.0,0.9,2.5,0.0
control,225,127.60000000000001,0.0,0.5,1.0,0.9,2.4833333333333334,0.0
control,226,527.6,0.0,0.5,1.0,0.7333333333333333,2.4166666666666665,4.666666666666667
control,227,27.2,0.0,0.5,1.0,0.8333333333333334,2.5,0.0
control,228,26.8,0.0,0.5,1.0,0.9333333333333333,2.5,0.0
control,229,26.0,0.0,0.5,1.0,0.9666666666666667,2.5,0.0
control,230,1027.6,0.0,0.5,1.0,0.8666666666666667,2.3333333333333335,18.0
control,231,26.8,0.0,0.5,1.0,0.8666666666666667,2.5,0.0
control,232,26.0,0.0,0.5,1.0,0.8333333333333334,2.5,0.0
control,233,26.8,0.0,0.5,1.0,0.8333333333333334,2.5,0.0
control,234,26.8,0.0,0.5,1.0,0.9333333333333333,2.5,0.0
control,235,26.0,0.0,0.5,1.0,0.9333333333333333,2.5,0.0
control,236,227.8,0.0,0.5,1.0,0.8,2.45,1.3333333333333333
control,237,26.0,0.0,0.5,1.0,0.9333333333333333,2.5,0.0
control,238,27.0,0.0,0.5,1.0,0.9666666666666667,2.5,0.0
control,239,27.0,0.0,0.5,1.0,0.9,2.5,0.0
control,240,26.599999999999998,0.0,0.5,1.0,0.9333333333333333,2.5,0.0
control,241,26.8,0.0,0.5,1.0,0.9666666666666667,2.5,0.0
control,242,327.8,0.0,0.5,1.0,0.9666666666666667,2.433333333333333,1.6666666666666667
control,243,27.0,0.0,0.5,1.0,0.8666666666666667,2.5,0.0
control,244,27.4,0.0,0.5,1.0,0.8333333333333334,2.5,0.0
control,245,26.8,0.0,0.5,1.0,0.9,2.5,0.0
control,246,26.8,0.0,0.5,1.0,0.9333333333333333,2.5,0.0
control,247,28.0,0.0,0.5,1.0,0.6333333333333333,2.5,0.0
control,248,27.6,0.0,0.5,1.0,0.8333333333333334,2.5,0.0
control,249,26.8,0.0,0.5,1.0,0.9,2.5,0.0
control,250,27.0,0.0,0.5,1.0,0.9666666666666667,2.5,0.0
control,251,727.8,0.0,0.5,1.0,0.8333333333333334,2.3833333333333333,9.0
control,252,26.8,0.0,0.5,1.0,0.9333333333333333,2.5,0.0
control,253,427.8,0.0,0.5,1.0,0.8333333333333334,2.433333333333333,3.0
control,254,27.8,0.0,0.5,1.0,0.9,2.5,0.0
control,255,1028.0,0.0,0.5,1.0,0.8333333333333334,2.3333333333333335,18.0
control,256,26.8,0.0,0.5,1.0,0.9666666666666667,2.5,0.0
control,257,127.60000000000001,0.0,0.5,1.0,0.8,2.4166666666666665,0.0
control,258,27.599999999999998,0.0,0.5,1.0,0.9,2.5,0.0
control,259,27.4,0.0,0.5,1.0,0.8333333333333334,2.5,0.0
control,260,26.39,0.0,0.5,0.9866666666666667,0.9,2.4997462163936106,0.0
control,261,26.8,0.0,0.5,1.0,0.9,2.5,0.0
control,262,26.0,0.0,0.5,1.0,0.9666666666666667,2.5,0.0
control,263,27.0,0.0,0.5,1.0,0.9,2.5,0.0
control,264,27.2,0.0,0.5,1.0,0.8,2.5,0.0
control,265,213.2,0.0,0.5166666666666667,1.0,0.7333333333333333,2.194979484861859,0.6166666666666667
control,266,26.8,0.0,0.5,1.0,0.8666666666666667,2.5,0.0
control,267,27.19,0.0,0.5,0.9866666666666667,0.8666666666666667,2.4997462163936106,0.0
control,268,27.4,0.0,0.5,1.0,0.9333333333333333,2.5,0.0
control,269,26.8,0.0,0.5,1.0,0.9333333333333333,2.5,0.0
control,270,26.4,0.0,0.5,1.0,0.9666666666666667,2.5,0.0
control,271,27.0,0.0,0.5,1.0,0.9,2.5,0.0
control,272,27.59,0.0,0.5,0.9866666666666667,0.7666666666666667,2.4997462163936106,0.0
control,273,27.6,0.0,0.5,1.0,0.7333333333333333,2.5,0.0
control,274,327.6,0.0,0.5,1.0,0.9,2.433333333333333,2.6666666666666665
control,275,27.2,0.0,0.5,1.0,0.8666666666666667,2.5,0.0
control,276,26.0,0.0,0.5,1.0,0.9,2.5,0.0
control,277,27.0,0.0,0.5,1.0,0.9,2.5,0.0
control,278,26.8,0.0,0.5,1.0,0.9666666666666667,2.5,0.0
control,279,26.8,0.0,0.5,1.0,0.9666666666666667,2.5,0.0
control,280,427.6,0.0,0.5,1.0,0.7,2.4166666666666665,4.333333333333333
control,281,27.0,0.0,0.5,1.0,0.9,2.5,0.0
control,282,12.79,0.0,0.5166666666666667,0.9866666666666667,0.8,2.211392367922137,0.0
control,283,26.8,0.0,0.5,1.0,0.9,2.5,0.0
control,284,27.599999999999998,0.0,0.5,1.0,0.7666666666666667,2.5,0.0
control,285,26.0,0.0,0.5,1.0,0.8666666666666667,2.5,0.0
control,286,26.0,0.0,0.5,1.0,0.9333333333333333,2.5,0.0
control,287,27.0,0.0,0.5,1.0,0.8666666666666667,2.5,0.0
control,288,26.0,0.0,0.5,1.0,0.9666666666666667,2.5,0.0
control,289,26.8,0.0,0.5,1.0,0.8333333333333334,2.5,0.0
control,290,27.39,0.0,0.5,0.9866666666666667,0.7333333333333333,2.4997462163936106,0.0
control,291,27.4,0.0,0.5,1.0,0.8,2.5,0.0
control,292,27.4,0.0,0.5,1.0,0.8333333333333334,2.5,0.0
control,293,27.0,0.0,0.5,1.0,0.9666666666666667,2.5,0.0
control,294,26.8,0.0,0.5,1.0,0.9666666666666667,2.5,0.0
control,295,1727.6,0.0,0.5,1.0,0.9,2.216666666666667,50.666666666666664
control,296,27.6,0.0,0.5,1.0,0.7666666666666667,2.5,0.0
control,297,27.0,0.0,0.5,1.0,0.9,2.5,0.0
control,298,27.2,0.0,0.5,1.0,0.8666666666666667,2.5,0.0
control,299,26.8,0.0,0.5,1.0,1.0,2.5,0.0
control,300,27.785,1.0,0.5,1.0,0.8333333333333334,2.4997116461515287,0.0
control,301,27.2,0.0,0.5,1.0,0.9333333333333333,2.5,0.0
control,302,27.4,0.0,0.5,1.0,0.9,2.5,0.0
control,303,27.4,0.0,0.5,1.0,0.8,2.5,0.0
control,304,27.2,0.0,0.5,1.0,0.7333333333333333,2.5,0.0
control,305,27.2,0.0,0.5,1.0,0.8666666666666667,2.5,0.0
control,306,27.0,0.0,0.5,1.0,0.9,2.5,0.0
control,307,26.8,0.0,0.5,1.0,0.9333333333333333,2.5,0.0
control,308,128.0,0.0,0.5,1.0,0.8,2.4833333333333334,0.0
control,309,128.0,0.0,0.5,1.0,0.9,2.4833333333333334,0.0
control,310,12.599999999999998,0.0,0.5166666666666667,1.0,0.7333333333333333,2.2116461515285257,0.0
control,311,27.38,0.0,0.5,0.9733333333333333,0.8666666666666667,2.499492432787221,0.0
control,312,527.8,0.0,0.5,1.0,0.7666666666666667,2.3666666666666667,4.666666666666667
control,313,27.599999999999998,0.0,0.5,1.0,0.8333333333333334,2.5,0.0
control,314,127.60000000000001,0.0,0.5,1.0,0.9666666666666667,2.4833333333333334,0.0
control,315,27.0,0.0,0.5,1.0,0.8,2.5,0.0
control,316,26.8,0.0,0.5,1.0,0.9333333333333333,2.5,0.0
control,317,26.2,0.0,0.5,1.0,1.0,2.5,0.0
control,318,26.8,0.0,0.5,1.0,1.0,2.5,0.0
control,319,1327.79,0.0,0.5,0.9866666666666667,0.8333333333333334,2.2997462163936104,29.999600000000004
control,320,26.8,0.0,0.5,1.0,1.0,2.5,0.0
control,321,27.2,0.0,0.5,1.0,0.7666666666666667,2.5,0.0
control,322,27.2,0.0,0.5,1.0,0.7666666666666667,2.5,0.0
control,323,427.6,0.0,0.5,1.0,0.9,2.433333333333333,3.0
control,324,527.6,0.0,0.5,1.0,0.9333333333333333,2.4166666666666665,4.666666666666667
control,325,127.8,0.0,0.5,1.0,0.8333333333333334,2.4833333333333334,0.0
control,326,26.0,0.0,0.5,1.0,0.9,2.5,0.0
control,327,26.8,0.0,0.5,1.0,0.9333333333333333,2.5,0.0
control,328,27.2,0.0,0.5,1.0,0.8333333333333334,2.5,0.0
control,329,26.8,0.0,0.5,1.0,1.0,2.5,0.0
control,330,27.77,2.0,0.5,1.0,0.7,2.499423292303057,0.0
control,331,27.0,0.0,0.5,1.0,0.9333333333333333,2.5,0.0
control,332,26.8,0.0,0.5,1.0,0.9333333333333333,2.5,0.0
control,333,26.0,0.0,0.5,1.0,0.8666666666666667,2.5,0.0
control,334,26.0,0.0,0.5,1.0,0.9666666666666667,2.5,0.0
control,335,26.8,0.0,0.5,1.0,0.9666666666666667,2.5,0.0
control,336,427.99,0.0,0.5,0.9866666666666667,0.7666666666666667,2.3997462163936105,6.9998
control,337,27.2,0.0,0.5,1.0,0.8,2.5,0.0
control,338,398.2,0.0,0.5333333333333333,1.0,0.8,1.8732923030570519,2.7
control,339,26.0,0.0,0.5,1.0,0.9,2.5,0.0
control,340,311.6,0.0,0.5166666666666667,1.0,0.9,2.1283128181951927,3.6166666666666667
control,341,27.0,0.0,0.5,1.0,0.8666666666666667,2.5,0.0
control,342,26.0,0.0,0.5,1.0,0.9333333333333333,2.5,0.0
control,343,27.0,0.0,0.5,1.0,0.8666666666666667,2.5,0.0
control,344,26.0,0.0,0.5,1.0,0.9,2.5,0.0
control,345,27.0,0.0,0.5,1.0,0.9333333333333333,2.5,0.0
control,346,27.2,0.0,0.5,1.0,0.8666666666666667,2.5,0.0
control,347,26.4,0.0,0.5,1.0,0.9333333333333333,2.5,0.0
control,348,827.6,0.0,0.5,1.0,0.8666666666666667,2.3666666666666667,11.666666666666666
control,349,27.2,0.0,0.5,1.0,0.8,2.5,0.0
control,350,26.8,0.0,0.5,1.0,0.9333333333333333,2.5,0.0
control,351,27.2,0.0,0.5,1.0,0.8333333333333334,2.5,0.0
control,352,27.599999999999998,0.0,0.5,1.0,0.8666666666666667,2.5,0.0
control,353,26.8,0.0,0.5,1.0,0.8666666666666667,2.5,0.0
control,354,27.0,0.0,0.5,1.0,0.9,2.5,0.0
control,355,27.0,0.0,0.5,1.0,0.9,2.5,0.0
control,356,27.4,0.0,0.5,1.0,0.8666666666666667,2.5,0.0
control,357,27.4,0.0,0.5,1.0,0.9666666666666667,2.5,0.0
control,358,27.0,0.0,0.5,1.0,0.9333333333333333,2.5,0.0
control,359,27.0,0.0,0.5,1.0,0.8666666666666667,2.5,0.0
control,360,27.2,0.0,0.5,1.0,0.8666666666666667,2.5,0.0
control,361,727.79,0.0,0.5,0.9866666666666667,0.8,2.3497462163936107,15.999700000000002
control,362,127.60000000000001,0.0,0.5,1.0,0.8333333333333334,2.4833333333333334,0.0
control,363,27.6,0.0,0.5,1.0,0.8,2.5,0.0
control,364,26.8,0.0,0.5,1.0,0.9666666666666667,2.5,0.0
control,365,427.6,0.0,0.5,1.0,0.9,2.433333333333333,3.0
control,366,27.0,0.0,0.5,1.0,0.9333333333333333,2.5,0.0
control,367,26.0,0.0,0.5,1.0,1.0,2.5,0.0
control,368,1527.6,0.0,0.5,1.0,0.8666666666666667,2.25,39.666666666666664
control,369,27.2,0.0,0.5,1.0,0.8333333333333334,2.5,0.0
control,370,727.6,0.0,0.5,1.0,1.0,2.3833333333333333,9.0
control,371,26.8,0.0,0.5,1.0,0.9333333333333333,2.5,0.0
control,372,27.0,0.0,0.5,1.0,0.8666666666666667,2.5,0.0
control,373,27.2,0.0,0.5,1.0,0.8666666666666667,2.5,0.0
control,374,27.2,0.0,0.5,1.0,0.8333333333333334,2.5,0.0
control,375,728.0,0.0,0.5,1.0,0.8333333333333334,2.3666666666666667,10.666666666666666
control,376,26.0,0.0,0.5,1.0,0.9333333333333333,2.5,0.0
control,377,26.8,0.0,0.5,1.0,0.9333333333333333,2.5,0.0
control,378,27.0,0.0,0.5,1.0,0.9,2.5,0.0
control,379,26.0,0.0,0.5,1.0,0.9,2.5,0.0
control,380,26.8,0.0,0.5,1.0,0.9,2.5,0.0
control,381,26.0,0.0,0.5,1.0,0.9333333333333333,2.5,0.0
control,382,27.0,0.0,0.5,1.0,0.9,2.5,0.0
control,383,27.2,0.0,0.5,1.0,0.8666666666666667,2.5,0.0
control,384,827.8,0.0,0.5,1.0,0.8333333333333334,2.3666666666666667,11.666666666666666
control,385,27.0,0.0,0.5,1.0,0.8666666666666667,2.5,0.0
control,386,27.0,0.0,0.5,1.0,0.8333333333333334,2.5,0.0
control,387,26.8,0.0,0.5,1.0,0.9333333333333333,2.5,0.0
control,388,26.8,0.0,0.5,1.0,0.9666666666666667,2.5,0.0
control,389,26.8,0.0,0.5,1.0,0.8666666666666667,2.5,0.0
control,390,27.2,0.0,0.5,1.0,0.9,2.5,0.0
control,391,127.8,0.0,0.5,1.0,0.8333333333333334,2.3666666666666667,0.0
control,392,27.0,0.0,0.5,1.0,0.9333333333333333,2.5,0.0
control,393,27.4,0.0,0.5,1.0,0.8333333333333334,2.5,0.0
control,394,1127.8,0.0,0.5,1.0,0.7333333333333333,2.316666666666667,21.666666666666668
control,395,26.8,0.0,0.5,1.0,0.9333333333333333,2.5,0.0
control,396,26.8,0.0,0.5,1.0,1.0,2.5,0.0
control,397,27.4,0.0,0.5,1.0,0.8,2.5,0.0
control,398,327.8,0.0,0.5,1.0,0.8666666666666667,2.45,1.6666666666666667
control,399,127.60000000000001,0.0,0.5,1.0,0.8666666666666667,2.45,0.0
control,400,227.60000000000002,0.0,0.5,1.0,0.9,2.35,5.333333333333333
control,401,428.2,0.0,0.5,1.0,0.7333333333333333,2.4166666666666665,4.333333333333333
control,402,26.0,0.0,0.5,1.0,0.9666666666666667,2.5,0.0
control,403,27.8,0.0,0.5,1.0,0.7,2.5,0.0
control,404,528.0,0.0,0.5,1.0,0.8,2.4166666666666665,4.666666666666667
control,405,227.8,0.0,0.5,1.0,0.8666666666666667,2.466666666666667,0.6666666666666666
control,406,228.0,0.0,0.5,1.0,0.7666666666666667,2.466666666666667,0.6666666666666666
control,407,26.8,0.0,0.5,1.0,0.9666666666666667,2.5,0.0
control,408,27.0,0.0,0.5,1.0,0.9333333333333333,2.5,0.0
control,409,26.8,0.0,0.5,1.0,0.9333333333333333,2.5,0.0
control,410,627.8,0.0,0.5,1.0,0.8666666666666667,2.4,6.666666666666667
control,411,927.8,0.0,0.5,1.0,0.8,2.35,14.666666666666666
control,412,26.0,0.0,0.5,1.0,0.9333333333333333,2.5,0.0
control,413,27.0,0.0,0.5,1.0,0.9333333333333333,2.5,0.0
control,414,27.0,0.0,0.5,1.0,0.9,2.5,0.0
control,415,27.19,0.0,0.5,0.9866666666666667,0.8666666666666667,2.4997462163936106,0.0
control,416,27.0,0.0,0.5,1.0,0.9333333333333333,2.5,0.0
control,417,27.6,0.0,0.5,1.0,0.8333333333333334,2.5,0.0
control,418,12.799999999999999,0.0,0.5166666666666667,1.0,0.7,2.2116461515285257,0.0
control,419,26.599999999999998,0.0,0.5,1.0,0.9333333333333333,2.5,0.0
control,420,328.0,0.0,0.5,1.0,0.7666666666666667,2.45,1.6666666666666667
control,421,27.4,0.0,0.5,1.0,0.8666666666666667,2.5,0.0
control,422,27.0,0.0,0.5,1.0,0.9333333333333333,2.5,0.0
control,423,1227.6,0.0,0.5,1.0,0.9,2.3,25.666666666666668
control,424,512.8,0.0,0.5166666666666667,1.0,0.8666666666666667,2.044979484861859,12.8
control,425,1027.6,0.0,0.5,1.0,0.8666666666666667,2.2333333333333334,38.0
control,426,527.6,0.0,0.5,1.0,0.8666666666666667,2.4166666666666665,4.666666666666667
control,427,27.2,0.0,0.5,1.0,0.9333333333333333,2.5,0.0
control,428,27.0,0.0,0.5,1.0,0.9333333333333333,2.5,0.0
control,429,527.8,0.0,0.5,1.0,0.7666666666666667,2.4166666666666665,4.666666666666667
control,430,127.8,0.0,0.5,1.0,0.8,2.4833333333333334,0.0
control,431,26.599999999999998,0.0,0.5,1.0,0.9,2.5,0.0
control,432,327.8,0.0,0.5,1.0,0.8333333333333334,2.433333333333333,2.6666666666666665
control,433,227.60000000000002,0.0,0.5,1.0,0.8,2.466666666666667,0.6666666666666666
control,434,26.0,0.0,0.5,1.0,0.9333333333333333,2.5,0.0
control,435,27.2,0.0,0.5,1.0,1.0,2.5,0.0
control,436,26.8,0.0,0.5,1.0,0.9,2.5,0.0
control,437,27.2,0.0,0.5,1.0,0.8333333333333334,2.5,0.0
control,438,27.0,0.0,0.5,1.0,0.9666666666666667,2.5,0.0
control,439,12.799999999999999,0.0,0.5166666666666667,1.0,0.8666666666666667,2.2116461515285257,0.0
control,440,27.4,0.0,0.5,1.0,0.8,2.5,0.0
control,441,1427.5900000000001,0.0,0.5,0.9866666666666667,0.8666666666666667,2.2830795497269443,34.66623333333334
control,442,927.6,0.0,0.5,1.0,0.7666666666666667,2.35,14.666666666666666
control,443,27.0,0.0,0.5,1.0,0.9333333333333333,2.5,0.0
control,444,26.8,0.0,0.5,1.0,0.9333333333333333,2.5,0.0
control,445,427.6,0.0,0.5,1.0,0.8333333333333334,2.433333333333333,3.0
control,446,26.8,0.0,0.5,1.0,0.9,2.5,0.0
control,447,26.8,0.0,0.5,1.0,1.0,2.5,0.0
control,448,712.8,0.0,0.5166666666666667,1.0,0.8333333333333334,2.094979484861859,10.983333333333333
control,449,27.2,0.0,0.5,1.0,0.8333333333333334,2.5,0.0
control,450,26.8,0.0,0.5,1.0,0.9,2.5,0.0
control,451,27.0,0.0,0.5,1.0,0.9,2.5,0.0
control,452,26.8,0.0,0.5,1.0,0.9,2.5,0.0
control,453,128.2,0.0,0.5,1.0,0.8,2.4833333333333334,0.0
control,454,26.8,0.0,0.5,1.0,0.9,2.5,0.0
control,455,127.60000000000001,0.0,0.5,1.0,0.8,2.4833333333333334,0.0
control,456,27.4,0.0,0.5,1.0,0.8,2.5,0.0
control,457,427.6,0.0,0.5,1.0,0.8333333333333334,2.4166666666666665,4.333333333333333
control,458,27.4,0.0,0.5,1.0,0.8333333333333334,2.5,0.0
control,459,27.0,0.0,0.5,1.0,0.8333333333333334,2.5,0.0
control,460,28.2,0.0,0.5,1.0,0.7,2.5,0.0
control,461,27.39,0.0,0.5,0.9866666666666667,0.8666666666666667,2.499746216393611,0.0
control,462,27.4,0.0,0.5,1.0,0.8666666666666667,2.5,0.0
control,463,427.6,0.0,0.5,1.0,0.9666666666666667,2.433333333333333,3.0
control,464,26.8,0.0,0.5,1.0,0.9333333333333333,2.5,0.0
control,465,27.2,0.0,0.5,1.0,0.8666666666666667,2.5,0.0
control,466,827.6,0.0,0.5,1.0,0.8333333333333334,2.3666666666666667,11.666666666666666
control,467,27.6,0.0,0.5,1.0,0.8666666666666667,2.5,0.0
control,468,27.8,0.0,0.5,1.0,0.7333333333333333,2.5,0.0
control,469,26.0,0.0,0.5,1.0,0.9333333333333333,2.5,0.0
control,470,27.599999999999998,0.0,0.5,1.0,0.8,2.5,0.0
control,471,27.0,0.0,0.5,1.0,0.8333333333333334,2.5,0.0
control,472,127.60000000000001,0.0,0.5,1.0,0.9,2.4833333333333334,0.0
control,473,27.0,0.0,0.5,1.0,0.9666666666666667,2.5,0.0
control,474,327.6,0.0,0.5,1.0,0.9333333333333333,2.45,1.6666666666666667
control,475,26.8,0.0,0.5,1.0,0.9666666666666667,2.5,0.0
control,476,26.8,0.0,0.5,1.0,0.9666666666666667,2.5,0.0
control,477,26.8,0.0,0.5,1.0,0.9666666666666667,2.5,0.0
control,478,27.0,0.0,0.5,1.0,0.9,2.5,0.0
control,479,528.0,0.0,0.5,1.0,0.8333333333333334,2.3833333333333333,5.666666666666667
control,480,112.8,0.0,0.5166666666666667,1.0,0.7666666666666667,2.2116461515285257,0.0
control,481,527.8,0.0,0.5,1.0,0.8333333333333334,2.4,5.333333333333333
control,482,26.8,0.0,0.5,1.0,0.9,2.5,0.0
control,483,627.6,0.0,0.5,1.0,0.8666666666666667,2.4,6.666666666666667
control,484,26.0,0.0,0.5,1.0,1.0,2.5,0.0
control,485,827.6,0.0,0.5,1.0,0.7666666666666667,2.3666666666666667,11.666666666666666
control,486,26.0,0.0,0.5,1.0,0.8333333333333334,2.5,0.0
control,487,27.6,0.0,0.5,1.0,0.8,2.5,0.0
control,488,26.8,0.0,0.5,1.0,1.0,2.5,0.0
control,489,27.19,0.0,0.5,0.9866666666666667,0.7666666666666667,2.499746216393611,0.0
control,490,27.8,0.0,0.5,1.0,0.8,2.5,0.0
control,491,26.0,0.0,0.5,1.0,0.8666666666666667,2.5,0.0
control,492,26.8,0.0,0.5,1.0,0.8333333333333334,2.5,0.0
control,493,27.2,0.0,0.5,1.0,0.8333333333333334,2.5,0.0
control,494,27.0,0.0,0.5,1.0,0.8333333333333334,2.5,0.0
control,495,-2.200000000000003,0.0,0.5333333333333333,1.0,0.7666666666666667,1.923292303057052,0.0
control,496,127.8,0.0,0.5,1.0,0.9,2.4833333333333334,0.0
control,497,127.60000000000001,0.0,0.5,1.0,0.7666666666666667,2.45,0.0
control,498,26.0,0.0,0.5,1.0,0.9666666666666667,2.5,0.0
control,499,27.0,0.0,0.5,1.0,0.9333333333333333,2.5,0.0
control,500,27.4,0.0,0.5,1.0,0.8666666666666667,2.5,0.0
simbiosis,1,36.40242879272763,0.0,0.5,0.9466666666666667,0.7333333333333333,2.4990714654546062,0.0
simbiosis,2,37.08,0.0,0.5,1.0,0.8,2.5,0.0
simbiosis,3,36.6,0.0,0.5,1.0,0.8,2.5,0.0
simbiosis,4,36.760000000000005,0.0,0.5,1.0,0.8666666666666667,2.5,0.0
simbiosis,5,36.44,0.0,0.5,1.0,0.8,2.5,0.0
simbiosis,6,35.8,0.0,0.5,1.0,0.9333333333333333,2.5,0.0
simbiosis,7,23.483889072234682,1.0,0.5166666666666667,1.0,0.7333333333333333,2.2359815120391136,0.0
simbiosis,8,36.92,0.0,0.5,1.0,0.8333333333333334,2.5,0.0
simbiosis,9,36.27060719818191,0.0,0.5,0.9866666666666667,0.7666666666666667,2.499767866363652,0.0
simbiosis,10,36.92,0.0,0.5,1.0,0.8,2.5,0.0
simbiosis,11,36.92,0.0,0.5,1.0,0.8333333333333334,2.5,0.0
simbiosis,12,37.08,0.0,0.5,1.0,0.7666666666666667,2.5,0.0
simbiosis,13,35.96,0.0,0.5,1.0,0.8666666666666667,2.5,0.0
simbiosis,14,35.8,0.0,0.5,1.0,0.8666666666666667,2.5,0.0
simbiosis,15,37.08,0.0,0.5,1.0,0.8333333333333334,2.5,0.0
simbiosis,16,36.6,0.0,0.5,1.0,0.8666666666666667,2.5,0.0
simbiosis,17,35.96,0.0,0.5,1.0,0.8666666666666667,2.5,0.0
simbiosis,18,36.120000000000005,0.0,0.5,1.0,0.9333333333333333,2.5,0.0
simbiosis,19,36.760000000000005,0.0,0.5,1.0,0.8666666666666667,2.5,0.0
simbiosis,20,36.27060719818191,0.0,0.5,0.9866666666666667,0.7666666666666667,2.499767866363652,0.0
simbiosis,21,36.92,0.0,0.5,1.0,0.9,2.5,0.0
simbiosis,22,36.760000000000005,0.0,0.5,1.0,0.9333333333333333,2.5,0.0
simbiosis,23,36.44,0.0,0.5,1.0,0.7666666666666667,2.5,0.0
simbiosis,24,36.6,0.0,0.5,1.0,0.8666666666666667,2.5,0.0
simbiosis,25,36.27060719818191,0.0,0.5,0.9866666666666667,0.8,2.499767866363652,0.0
simbiosis,26,36.27060719818191,0.0,0.5,0.9866666666666667,0.8,2.499767866363652,0.0
simbiosis,27,36.27060719818191,0.0,0.5,0.9866666666666667,0.9,2.499767866363652,0.0
simbiosis,28,36.6,0.0,0.5,1.0,0.8333333333333334,2.5,0.0
simbiosis,29,36.120000000000005,0.0,0.5,1.0,0.9333333333333333,2.5,0.0
simbiosis,30,36.92,0.0,0.5,1.0,0.8666666666666667,2.5,0.0
simbiosis,31,35.433035990909545,0.0,0.5,0.9333333333333336,0.8,2.498839331818258,0.0
simbiosis,32,35.96,0.0,0.5,1.0,0.8666666666666667,2.5,0.0
simbiosis,33,35.96,0.0,0.5,1.0,0.9333333333333333,2.5,0.0
simbiosis,34,36.92,0.0,0.5,1.0,0.8333333333333334,2.5,0.0
simbiosis,35,36.590607198181914,0.0,0.5,0.9866666666666667,0.8333333333333334,2.499767866363652,0.0
simbiosis,36,36.120000000000005,0.0,0.5,1.0,0.8,2.5,0.0
simbiosis,37,35.96,0.0,0.5,1.0,0.9,2.5,0.0
simbiosis,38,36.44,0.0,0.5,1.0,0.9666666666666667,2.5,0.0
simbiosis,39,35.96,0.0,0.5,1.0,0.9,2.5,0.0
simbiosis,40,35.8,0.0,0.5,1.0,0.9333333333333333,2.5,0.0
simbiosis,41,36.44,0.0,0.5,1.0,0.9333333333333333,2.5,0.0
simbiosis,42,36.6,0.0,0.5,1.0,0.9333333333333333,2.5,0.0
simbiosis,43,36.27060719818191,0.0,0.5,0.9866666666666667,0.7666666666666667,2.499767866363652,0.0
simbiosis,44,35.96,0.0,0.5,1.0,0.9333333333333333,2.5,0.0
simbiosis,45,36.120000000000005,0.0,0.5,1.0,0.8666666666666667,2.5,0.0
simbiosis,46,36.92,0.0,0.5,1.0,0.8333333333333334,2.5,0.0
simbiosis,47,36.91060719818191,0.0,0.5,0.9866666666666667,0.8666666666666667,2.499767866363652,0.0
simbiosis,48,36.760000000000005,0.0,0.5,1.0,0.9,2.5,0.0
simbiosis,49,36.6,0.0,0.5,1.0,0.9666666666666667,2.5,0.0
simbiosis,50,36.6,0.0,0.5,1.0,0.8666666666666667,2.5,0.0
simbiosis,51,35.8,0.0,0.5,1.0,1.0,2.5,0.0
simbiosis,52,36.92,0.0,0.5,1.0,0.9,2.5,0.0
simbiosis,53,36.120000000000005,0.0,0.5,1.0,0.8333333333333334,2.5,0.0
simbiosis,54,35.96,0.0,0.5,1.0,0.9333333333333333,2.5,0.0
simbiosis,55,35.96,0.0,0.5,1.0,0.8666666666666667,2.5,0.0
simbiosis,56,36.11060719818191,0.0,0.5,0.9866666666666667,0.9,2.499767866363652,0.0
simbiosis,57,35.96,0.0,0.5,1.0,0.8666666666666667,2.5,0.0
simbiosis,58,36.28,0.0,0.5,1.0,0.8666666666666667,2.5,0.0
simbiosis,59,36.27060719818191,0.0,0.5,0.9866666666666667,0.7666666666666667,2.499767866363652,0.0
simbiosis,60,36.28,0.0,0.5,1.0,0.7666666666666667,2.5,0.0
simbiosis,61,36.44,0.0,0.5,1.0,0.8,2.5,0.0
simbiosis,62,36.88242879272764,0.0,0.5,0.9466666666666667,0.6333333333333333,2.4990714654546062,0.0
simbiosis,63,36.6,0.0,0.5,1.0,0.8666666666666667,2.5,0.0
simbiosis,64,36.41182159454573,0.0,0.5,0.9600000000000001,0.7666666666666667,2.4993035990909545,0.0
simbiosis,65,36.28,0.0,0.5,1.0,0.8,2.5,0.0
simbiosis,66,36.6,0.0,0.5,1.0,0.7333333333333333,2.5,0.0
simbiosis,67,36.92,0.0,0.5,1.0,0.7666666666666667,2.5,0.0
simbiosis,68,37.08,0.0,0.5,1.0,0.8666666666666667,2.5,0.0
simbiosis,69,36.28,0.0,0.5,1.0,0.8666666666666667,2.5,0.0
simbiosis,70,36.6,0.0,0.5,1.0,0.9333333333333333,2.5,0.0
simbiosis,71,36.58641747160063,1.0,0.5,1.0,0.8,2.4997362452667726,0.0
simbiosis,72,36.92,0.0,0.5,1.0,0.8666666666666667,2.5,0.0
simbiosis,73,36.28,0.0,0.5,1.0,0.8333333333333334,2.5,0.0
simbiosis,74,36.120000000000005,0.0,0.5,1.0,0.9,2.5,0.0
simbiosis,75,36.120000000000005,0.0,0.5,1.0,0.7333333333333333,2.5,0.0
simbiosis,76,36.28,0.0,0.5,1.0,0.8666666666666667,2.5,0.0
simbiosis,77,37.24,0.0,0.5,1.0,0.8,2.5,0.0
simbiosis,78,35.47060719818191,0.0,0.5,0.9866666666666667,0.8333333333333334,2.499767866363652,0.0
simbiosis,79,36.58121439636382,0.0,0.5,0.9733333333333333,0.7666666666666667,2.499535732727303,0.0
simbiosis,80,36.120000000000005,0.0,0.5,1.0,0.8,2.5,0.0
simbiosis,81,36.120000000000005,0.0,0.5,1.0,0.8,2.5,0.0
simbiosis,82,36.120000000000005,0.0,0.5,1.0,0.8333333333333334,2.5,0.0
simbiosis,83,35.96,0.0,0.5,1.0,0.9333333333333333,2.5,0.0
simbiosis,84,35.96,0.0,0.5,1.0,0.9333333333333333,2.5,0.0
simbiosis,85,36.42121439636382,0.0,0.5,0.9733333333333333,0.8,2.499535732727303,0.0
simbiosis,86,36.760000000000005,0.0,0.5,1.0,0.8666666666666667,2.5,0.0
simbiosis,87,36.15789357636482,0.0,0.5,0.8266666666666668,0.8333333333333334,2.49698226272747,0.0
simbiosis,88,35.96,0.0,0.5,1.0,0.8666666666666667,2.5,0.0
simbiosis,89,37.08,0.0,0.5,1.0,0.8333333333333334,2.5,0.0
simbiosis,90,36.120000000000005,0.0,0.5,1.0,0.7666666666666667,2.5,0.0
simbiosis,91,36.760000000000005,0.0,0.5,1.0,0.8666666666666667,2.5,0.0
simbiosis,92,36.120000000000005,0.0,0.5,1.0,0.8666666666666667,2.5,0.0
simbiosis,93,36.120000000000005,0.0,0.5,1.0,0.8666666666666667,2.5,0.0
simbiosis,94,36.43060719818191,0.0,0.5,0.9866666666666667,0.8,2.499767866363652,0.0
simbiosis,95,36.120000000000005,0.0,0.5,1.0,0.8666666666666667,2.5,0.0
simbiosis,96,35.96,0.0,0.5,1.0,0.8333333333333334,2.5,0.0
simbiosis,97,36.120000000000005,0.0,0.5,1.0,0.8666666666666667,2.5,0.0
simbiosis,98,36.760000000000005,0.0,0.5,1.0,0.7666666666666667,2.5,0.0
simbiosis,99,36.120000000000005,0.0,0.5,1.0,0.7,2.5,0.0
simbiosis,100,36.760000000000005,0.0,0.5,1.0,0.9,2.5,0.0
simbiosis,101,36.6,0.0,0.5,1.0,0.9,2.5,0.0
simbiosis,102,35.96,0.0,0.5,1.0,0.9666666666666667,2.5,0.0
simbiosis,103,36.6,0.0,0.5,1.0,0.9333333333333333,2.5,0.0
simbiosis,104,35.8,0.0,0.5,1.0,0.8666666666666667,2.5,0.0
simbiosis,105,36.120000000000005,0.0,0.5,1.0,0.8,2.5,0.0
simbiosis,106,36.11060719818191,0.0,0.5,0.9866666666666667,0.8666666666666667,2.499767866363652,0.0
simbiosis,107,36.760000000000005,0.0,0.5,1.0,0.9,2.5,0.0
simbiosis,108,36.92,0.0,0.5,1.0,0.9,2.5,0.0
simbiosis,109,36.42121439636382,0.0,0.5,0.9733333333333333,0.8333333333333334,2.499535732727303,0.0
simbiosis,110,36.92,0.0,0.5,1.0,0.8,2.5,0.0
simbiosis,111,36.28,0.0,0.5,1.0,0.8,2.5,0.0
simbiosis,112,36.120000000000005,0.0,0.5,1.0,0.8,2.5,0.0
simbiosis,113,36.44,0.0,0.5,1.0,0.9333333333333333,2.5,0.0
simbiosis,114,36.6,0.0,0.5,1.0,0.8333333333333334,2.5,0.0
simbiosis,115,36.120000000000005,0.0,0.5,1.0,0.8666666666666667,2.5,0.0
simbiosis,116,35.96,0.0,0.5,1.0,0.8333333333333334,2.5,0.0
simbiosis,117,35.96,0.0,0.5,1.0,0.9,2.5,0.0
simbiosis,118,36.92,0.0,0.5,1.0,0.8333333333333334,2.5,0.0
simbiosis,119,36.11060719818191,0.0,0.5,0.9866666666666667,0.7,2.499767866363652,0.0
simbiosis,120,37.24,0.0,0.5,1.0,0.7333333333333333,2.5,0.0
simbiosis,121,36.91060719818191,0.0,0.5,0.9866666666666667,0.8666666666666667,2.499767866363652,0.0
simbiosis,122,36.26121439636382,0.0,0.5,0.9733333333333333,0.8,2.499535732727303,0.0
simbiosis,123,36.6,0.0,0.5,1.0,0.8666666666666667,2.5,0.0
simbiosis,124,36.760000000000005,0.0,0.5,1.0,0.9,2.5,0.0
simbiosis,125,36.543643189091455,0.0,0.5,0.92,0.7666666666666667,2.498607198181909,0.0
simbiosis,126,36.88242879272764,0.0,0.5,0.9466666666666668,0.6666666666666666,2.4990714654546062,0.0
simbiosis,127,36.101214396363815,0.0,0.5,0.9733333333333333,0.8666666666666667,2.499535732727303,0.0
simbiosis,128,37.08,0.0,0.5,1.0,0.7333333333333333,2.5,0.0
simbiosis,129,35.96,0.0,0.5,1.0,0.9333333333333333,2.5,0.0
simbiosis,130,36.28,0.0,0.5,1.0,0.8,2.5,0.0
simbiosis,131,35.96,0.0,0.5,1.0,0.9,2.5,0.0
simbiosis,132,37.08,0.0,0.5,1.0,0.8333333333333334,2.5,0.0
simbiosis,133,36.28,0.0,0.5,1.0,0.8333333333333334,2.5,0.0
simbiosis,134,35.96,0.0,0.5,1.0,0.9333333333333333,2.5,0.0
simbiosis,135,36.346071981819094,0.0,0.5,0.8666666666666667,0.8,2.497678663636515,0.0
simbiosis,136,36.120000000000005,0.0,0.5,1.0,0.8333333333333334,2.5,0.0
simbiosis,137,36.43060719818191,0.0,0.5,0.9866666666666667,0.8333333333333334,2.499767866363652,0.0
simbiosis,138,36.6,0.0,0.5,1.0,0.9333333333333333,2.5,0.0
simbiosis,139,36.92,0.0,0.5,1.0,0.8,2.5,0.0
simbiosis,140,36.27060719818191,0.0,0.5,0.9866666666666667,0.8333333333333334,2.499767866363652,0.0
simbiosis,141,35.96,0.0,0.5,1.0,0.8666666666666667,2.5,0.0
simbiosis,142,36.28,0.0,0.5,1.0,0.8666666666666667,2.5,0.0
simbiosis,143,36.120000000000005,0.0,0.5,1.0,0.9,2.5,0.0
simbiosis,144,36.120000000000005,0.0,0.5,1.0,0.9,2.5,0.0
simbiosis,145,36.92,0.0,0.5,1.0,0.8333333333333334,2.5,0.0
simbiosis,146,36.28,0.0,0.5,1.0,0.8,2.5,0.0
simbiosis,147,36.590607198181914,0.0,0.5,0.9866666666666667,0.7333333333333333,2.499767866363652,0.0
simbiosis,148,35.96,0.0,0.5,1.0,0.8333333333333334,2.5,0.0
simbiosis,149,36.6,0.0,0.5,1.0,0.8,2.5,0.0
simbiosis,150,36.44,0.0,0.5,1.0,0.9,2.5,0.0
simbiosis,151,36.760000000000005,0.0,0.5,1.0,0.9,2.5,0.0
simbiosis,152,36.120000000000005,0.0,0.5,1.0,0.8666666666666667,2.5,0.0
simbiosis,153,36.28,0.0,0.5,1.0,0.8666666666666667,2.5,0.0
simbiosis,154,35.24485758545527,0.0,0.5,0.8933333333333336,0.9333333333333333,2.4981429309092125,0.0
simbiosis,155,36.28,0.0,0.5,1.0,0.7,2.5,0.0
simbiosis,156,35.96,0.0,0.5,1.0,0.9333333333333333,2.5,0.0
simbiosis,157,36.760000000000005,0.0,0.5,1.0,0.9333333333333333,2.5,0.0
simbiosis,158,36.120000000000005,0.0,0.5,1.0,0.8333333333333334,2.5,0.0
simbiosis,159,36.120000000000005,0.0,0.5,1.0,0.9,2.5,0.0
simbiosis,160,36.11060719818191,0.0,0.5,0.9866666666666667,0.9333333333333333,2.499767866363652,0.0
simbiosis,161,37.08,0.0,0.5,1.0,0.7666666666666667,2.5,0.0
simbiosis,162,36.41182159454573,0.0,0.5,0.9600000000000002,0.8666666666666667,2.499303599090955,0.0
simbiosis,163,35.96,0.0,0.5,1.0,0.9,2.5,0.0
simbiosis,164,36.28,0.0,0.5,1.0,0.8666666666666667,2.5,0.0
simbiosis,165,36.00728637818291,0.0,0.5,0.8400000000000001,0.8666666666666667,2.497214396363818,0.0
simbiosis,166,36.75060719818191,0.0,0.5,0.9866666666666667,0.8333333333333334,2.499767866363652,0.0
simbiosis,167,36.120000000000005,0.0,0.5,1.0,0.9,2.5,0.0
simbiosis,168,36.6,0.0,0.5,1.0,0.8,2.5,0.0
simbiosis,169,36.43060719818191,0.0,0.5,0.9866666666666667,0.7666666666666667,2.499767866363652,0.0
simbiosis,170,37.08,0.0,0.5,1.0,0.8333333333333334,2.5,0.0
simbiosis,171,36.6,0.0,0.5,1.0,0.9333333333333333,2.5,0.0
simbiosis,172,36.18607198181909,0.0,0.5,0.8666666666666667,0.8666666666666667,2.497678663636515,0.0
simbiosis,173,36.28,0.0,0.5,1.0,0.8666666666666667,2.5,0.0
simbiosis,174,36.44,0.0,0.5,1.0,0.8,2.5,0.0
simbiosis,175,35.47060719818191,0.0,0.5,0.9866666666666667,0.7666666666666667,2.499767866363652,0.0
simbiosis,176,36.92,0.0,0.5,1.0,0.8,2.5,0.0
simbiosis,177,37.08,0.0,0.5,1.0,0.8666666666666667,2.5,0.0
simbiosis,178,36.6,0.0,0.5,1.0,0.9666666666666667,2.5,0.0
simbiosis,179,36.760000000000005,0.0,0.5,1.0,0.9333333333333333,2.5,0.0
simbiosis,180,35.8,0.0,0.5,1.0,0.9,2.5,0.0
simbiosis,181,36.760000000000005,0.0,0.5,1.0,0.8666666666666667,2.5,0.0
simbiosis,182,36.120000000000005,0.0,0.5,1.0,0.8,2.5,0.0
simbiosis,183,36.120000000000005,0.0,0.5,1.0,0.9333333333333333,2.5,0.0
simbiosis,184,36.6,0.0,0.5,1.0,0.8666666666666667,2.5,0.0
simbiosis,185,35.96,0.0,0.5,1.0,0.8666666666666667,2.5,0.0
simbiosis,186,36.28,0.0,0.5,1.0,0.8,2.5,0.0
simbiosis,187,36.120000000000005,0.0,0.5,1.0,0.9333333333333333,2.5,0.0
simbiosis,188,35.8,0.0,0.5,1.0,0.9,2.5,0.0
simbiosis,189,36.28,0.0,0.5,1.0,0.9,2.5,0.0
simbiosis,190,36.6,0.0,0.5,1.0,0.9,2.5,0.0
simbiosis,191,36.92,0.0,0.5,1.0,0.8333333333333334,2.5,0.0
simbiosis,192,36.28,0.0,0.5,1.0,0.8,2.5,0.0
simbiosis,193,36.6,0.0,0.5,1.0,0.8333333333333334,2.5,0.0
simbiosis,194,36.92,0.0,0.5,1.0,0.8,2.5,0.0
simbiosis,195,36.44,0.0,0.5,1.0,0.8333333333333334,2.5,0.0
simbiosis,196,36.6,0.0,0.5,1.0,0.7333333333333333,2.5,0.0
simbiosis,197,36.760000000000005,0.0,0.5,1.0,0.8666666666666667,2.5,0.0
simbiosis,198,36.120000000000005,0.0,0.5,1.0,0.8333333333333334,2.5,0.0
simbiosis,199,35.8,0.0,0.5,1.0,0.9666666666666667,2.5,0.0
simbiosis,200,36.28,0.0,0.5,1.0,0.7666666666666667,2.5,0.0
simbiosis,201,35.96,0.0,0.5,1.0,0.8666666666666667,2.5,0.0
simbiosis,202,37.08,0.0,0.5,1.0,0.8333333333333334,2.5,0.0
simbiosis,203,35.96,0.0,0.5,1.0,0.8333333333333334,2.5,0.0
simbiosis,204,36.43060719818191,0.0,0.5,0.9866666666666667,0.8,2.499767866363652,0.0
simbiosis,205,36.897024669782546,1.0,0.5,0.9866666666666667,0.9,2.4995041116304235,0.0
simbiosis,206,36.92,0.0,0.5,1.0,0.9,2.5,0.0
simbiosis,207,36.92,0.0,0.5,1.0,0.8666666666666667,2.5,0.0
simbiosis,208,36.120000000000005,0.0,0.5,1.0,0.8666666666666667,2.5,0.0
simbiosis,209,35.8,0.0,0.5,1.0,0.9333333333333333,2.5,0.0
simbiosis,210,36.44,0.0,0.5,1.0,0.7666666666666667,2.5,0.0
simbiosis,211,36.120000000000005,0.0,0.5,1.0,0.8333333333333334,2.5,0.0
simbiosis,212,36.92,0.0,0.5,1.0,0.8333333333333334,2.5,0.0
simbiosis,213,36.25182159454573,0.0,0.5,0.9600000000000001,0.8333333333333334,2.4993035990909545,0.0
simbiosis,214,36.016679180001,0.0,0.5,0.8533333333333336,0.8666666666666667,2.497446530000167,0.0
simbiosis,215,36.760000000000005,0.0,0.5,1.0,0.8333333333333334,2.5,0.0
simbiosis,216,36.590607198181914,0.0,0.5,0.9866666666666667,0.7333333333333333,2.499767866363652,0.0
simbiosis,217,35.96,0.0,0.5,1.0,0.8333333333333334,2.5,0.0
simbiosis,218,35.31060719818191,0.0,0.5,0.9866666666666667,0.8,2.499767866363652,0.0
simbiosis,219,36.44,0.0,0.5,1.0,0.7666666666666667,2.5,0.0
simbiosis,220,35.8,0.0,0.5,1.0,0.9,2.5,0.0
simbiosis,221,36.6,0.0,0.5,1.0,0.8333333333333334,2.5,0.0
simbiosis,222,36.6,0.0,0.5,1.0,0.8,2.5,0.0
simbiosis,223,36.120000000000005,0.0,0.5,1.0,0.8333333333333334,2.5,0.0
simbiosis,224,36.760000000000005,0.0,0.5,1.0,0.8666666666666667,2.5,0.0
simbiosis,225,36.6,0.0,0.5,1.0,0.9333333333333333,2.5,0.0
simbiosis,226,35.96,0.0,0.5,1.0,0.9333333333333333,2.5,0.0
simbiosis,227,23.48807879881596,0.0,0.5166666666666667,0.9866666666666667,0.8,2.2360131331359927,0.0
simbiosis,228,36.223643189091455,0.0,0.5,0.92,0.8333333333333334,2.498607198181909,0.0
simbiosis,229,35.96,0.0,0.5,1.0,0.8,2.5,0.0
simbiosis,230,36.92,0.0,0.5,1.0,0.9,2.5,0.0
simbiosis,231,35.8,0.0,0.5,1.0,0.9,2.5,0.0
simbiosis,232,895.78,0.0,0.5,1.0,0.7666666666666667,2.283333333333333,30.0
simbiosis,233,36.6,0.0,0.5,1.0,0.9,2.5,0.0
simbiosis,234,35.8,0.0,0.5,1.0,0.8666666666666667,2.5,0.0
simbiosis,235,36.120000000000005,0.0,0.5,1.0,0.7666666666666667,2.5,0.0
simbiosis,236,36.760000000000005,0.0,0.5,1.0,0.8333333333333334,2.5,0.0
simbiosis,237,37.08,0.0,0.5,1.0,0.8,2.5,0.0
simbiosis,238,36.44,0.0,0.5,1.0,0.7666666666666667,2.5,0.0
simbiosis,239,36.6,0.0,0.5,1.0,0.9333333333333333,2.5,0.0
simbiosis,240,36.28,0.0,0.5,1.0,0.9,2.5,0.0
simbiosis,241,36.120000000000005,0.0,0.5,1.0,0.9333333333333333,2.5,0.0
simbiosis,242,37.08,0.0,0.5,1.0,0.8666666666666667,2.5,0.0
simbiosis,243,35.96,0.0,0.5,1.0,0.8666666666666667,2.5,0.0
simbiosis,244,36.26121439636382,0.0,0.5,0.9733333333333334,0.9,2.499535732727303,0.0
simbiosis,245,36.08242879272764,0.0,0.5,0.9466666666666669,0.8666666666666667,2.4990714654546062,0.0
simbiosis,246,36.11060719818191,0.0,0.5,0.9866666666666667,0.8666666666666667,2.499767866363652,0.0
simbiosis,247,36.120000000000005,0.0,0.5,1.0,0.9,2.5,0.0
simbiosis,248,37.24,0.0,0.5,1.0,0.8,2.5,0.0
simbiosis,249,36.590607198181914,0.0,0.5,0.9866666666666667,0.6666666666666666,2.499767866363652,0.0
simbiosis,250,36.590607198181914,0.0,0.5,0.9866666666666667,0.8,2.499767866363652,0.0
simbiosis,251,35.96,0.0,0.5,1.0,0.8666666666666667,2.5,0.0
simbiosis,252,37.230607198181914,0.0,0.5,0.9866666666666667,0.8,2.499767866363652,0.0
simbiosis,253,36.120000000000005,0.0,0.5,1.0,0.9,2.5,0.0
simbiosis,254,35.96,0.0,0.5,1.0,0.9333333333333333,2.5,0.0
simbiosis,255,36.91060719818191,0.0,0.5,0.9866666666666667,0.8,2.499767866363652,0.0
simbiosis,256,36.6,0.0,0.5,1.0,0.9,2.5,0.0
simbiosis,257,36.27060719818191,0.0,0.5,0.9866666666666667,0.8666666666666667,2.499767866363652,0.0
simbiosis,258,36.6,0.0,0.5,1.0,0.9333333333333333,2.5,0.0
simbiosis,259,35.461214396363815,0.0,0.5,0.9733333333333334,0.8333333333333334,2.499535732727303,0.0
simbiosis,260,36.18607198181909,0.0,0.5,0.8666666666666667,0.8666666666666667,2.4976786636365147,0.0
simbiosis,261,36.120000000000005,0.0,0.5,1.0,0.8333333333333334,2.5,0.0
simbiosis,262,37.08,0.0,0.5,1.0,0.8333333333333334,2.5,0.0
simbiosis,263,36.590607198181914,0.0,0.5,0.9866666666666667,0.8333333333333334,2.499767866363652,0.0
simbiosis,264,35.8,0.0,0.5,1.0,0.9666666666666667,2.5,0.0
simbiosis,265,36.28,0.0,0.5,1.0,0.8333333333333334,2.5,0.0
simbiosis,266,35.96,0.0,0.5,1.0,0.8333333333333334,2.5,0.0
simbiosis,267,36.37006066069209,1.0,0.5,0.92,0.7666666666666667,2.498343443448681,0.0
simbiosis,268,35.27303599090955,0.0,0.5,0.9333333333333336,0.8666666666666667,2.498839331818258,0.0
simbiosis,269,35.96,0.0,0.5,1.0,0.9,2.5,0.0
simbiosis,270,36.120000000000005,0.0,0.5,1.0,0.9333333333333333,2.5,0.0
simbiosis,271,36.44,0.0,0.5,1.0,0.9666666666666667,2.5,0.0
simbiosis,272,36.6,0.0,0.5,1.0,0.9,2.5,0.0
simbiosis,273,36.92,0.0,0.5,1.0,0.8666666666666667,2.5,0.0
simbiosis,274,36.27060719818191,0.0,0.5,0.9866666666666667,0.8333333333333334,2.499767866363652,0.0
simbiosis,275,37.56,0.0,0.5,1.0,0.7333333333333333,2.5,0.0
simbiosis,276,36.11060719818191,0.0,0.5,0.9866666666666667,0.8333333333333334,2.499767866363652,0.0
simbiosis,277,36.92,0.0,0.5,1.0,0.7666666666666667,2.5,0.0
simbiosis,278,35.96,0.0,0.5,1.0,0.8333333333333334,2.5,0.0
simbiosis,279,35.8,0.0,0.5,1.0,0.9666666666666667,2.5,0.0
simbiosis,280,36.6,0.0,0.5,1.0,0.8666666666666667,2.5,0.0
simbiosis,281,35.96,0.0,0.5,1.0,0.9666666666666667,2.5,0.0
simbiosis,282,36.28,0.0,0.5,1.0,0.8333333333333334,2.5,0.0
simbiosis,283,36.27060719818191,0.0,0.5,0.9866666666666667,0.8,2.499767866363652,0.0
simbiosis,284,35.160322369092455,0.0,0.5,0.7733333333333337,0.9,2.496053728182076,0.0
simbiosis,285,36.6,0.0,0.5,1.0,0.9333333333333333,2.5,0.0
simbiosis,286,36.44,0.0,0.5,1.0,0.8666666666666667,2.5,0.0
simbiosis,287,35.8,0.0,0.5,1.0,0.8666666666666667,2.5,0.0
simbiosis,288,36.6,0.0,0.5,1.0,0.9333333333333333,2.5,0.0
simbiosis,289,36.44,0.0,0.5,1.0,0.8,2.5,0.0
simbiosis,290,35.8,0.0,0.5,1.0,0.9,2.5,0.0
simbiosis,291,35.96,0.0,0.5,1.0,0.8666666666666667,2.5,0.0
simbiosis,292,35.96,0.0,0.5,1.0,0.8333333333333334,2.5,0.0
simbiosis,293,36.92,0.0,0.5,1.0,0.7333333333333333,2.5,0.0
simbiosis,294,35.78121439636382,0.0,0.5,0.9733333333333334,0.6666666666666666,2.499535732727303,0.0
simbiosis,295,266.94000000000005,0.0,0.5,1.0,0.8333333333333334,2.45,1.6666666666666667
simbiosis,296,36.760000000000005,0.0,0.5,1.0,0.9333333333333333,2.5,0.0
simbiosis,297,36.08242879272764,0.0,0.5,0.9466666666666669,0.9,2.4990714654546062,0.0
simbiosis,298,36.27060719818191,0.0,0.5,0.9866666666666667,0.7666666666666667,2.499767866363652,0.0
simbiosis,299,37.08,0.0,0.5,1.0,0.7666666666666667,2.5,0.0
simbiosis,300,36.120000000000005,0.0,0.5,1.0,0.9,2.5,0.0
simbiosis,301,36.44,0.0,0.5,1.0,0.9,2.5,0.0
simbiosis,302,36.6,0.0,0.5,1.0,0.8333333333333334,2.5,0.0
simbiosis,303,35.96,0.0,0.5,1.0,0.9333333333333333,2.5,0.0
simbiosis,304,36.6,0.0,0.5,1.0,0.9,2.5,0.0
simbiosis,305,36.120000000000005,0.0,0.5,1.0,0.9,2.5,0.0
simbiosis,306,36.120000000000005,0.0,0.5,1.0,0.8,2.5,0.0
simbiosis,307,36.6,0.0,0.5,1.0,0.8,2.5,0.0
simbiosis,308,35.8,0.0,0.5,1.0,0.9,2.5,0.0
simbiosis,309,36.120000000000005,0.0,0.5,1.0,0.8666666666666667,2.5,0.0
simbiosis,310,35.96,0.0,0.5,1.0,0.9,2.5,0.0
simbiosis,311,36.6,0.0,0.5,1.0,0.9,2.5,0.0
simbiosis,312,36.28,0.0,0.5,1.0,0.8,2.5,0.0
simbiosis,313,36.120000000000005,0.0,0.5,1.0,0.8333333333333334,2.5,0.0
simbiosis,314,36.120000000000005,0.0,0.5,1.0,0.8333333333333334,2.5,0.0
simbiosis,315,35.96,0.0,0.5,1.0,0.8333333333333334,2.5,0.0
simbiosis,316,36.38465653774699,2.0,0.5,0.9599999999999999,0.8,2.4987760896244993,0.0
simbiosis,317,36.11060719818191,0.0,0.5,0.9866666666666667,0.9333333333333333,2.499767866363652,0.0
simbiosis,318,36.120000000000005,0.0,0.5,1.0,0.8666666666666667,2.5,0.0
simbiosis,319,35.8,0.0,0.5,1.0,0.9333333333333333,2.5,0.0
simbiosis,320,35.96,0.0,0.5,1.0,0.9666666666666667,2.5,0.0
simbiosis,321,36.760000000000005,0.0,0.5,1.0,0.8333333333333334,2.5,0.0
simbiosis,322,36.6,0.0,0.5,1.0,0.9,2.5,0.0
simbiosis,323,36.760000000000005,0.0,0.5,1.0,0.8666666666666667,2.5,0.0
simbiosis,324,36.6,0.0,0.5,1.0,0.9,2.5,0.0
simbiosis,325,36.27060719818191,0.0,0.5,0.9866666666666667,0.8,2.499767866363652,0.0
simbiosis,326,36.760000000000005,0.0,0.5,1.0,0.8666666666666667,2.5,0.0
simbiosis,327,36.75060719818191,0.0,0.5,0.9866666666666667,0.9,2.499767866363652,0.0
simbiosis,328,36.28,0.0,0.5,1.0,0.7333333333333333,2.5,0.0
simbiosis,329,36.6,0.0,0.5,1.0,0.9333333333333333,2.5,0.0
simbiosis,330,36.6,0.0,0.5,1.0,0.8333333333333334,2.5,0.0
simbiosis,331,35.39546478363718,0.0,0.5,0.8800000000000003,0.8333333333333334,2.497910797272864,0.0
simbiosis,332,36.120000000000005,0.0,0.5,1.0,0.9333333333333333,2.5,0.0
simbiosis,333,36.44,0.0,0.5,1.0,0.7,2.5,0.0
simbiosis,334,36.6,0.0,0.5,1.0,0.8666666666666667,2.5,0.0
simbiosis,335,36.44,0.0,0.5,1.0,0.9333333333333333,2.5,0.0
simbiosis,336,36.44,0.0,0.5,1.0,0.8666666666666667,2.5,0.0
simbiosis,337,36.6,0.0,0.5,1.0,0.9333333333333333,2.5,0.0
simbiosis,338,36.6,0.0,0.5,1.0,0.7666666666666667,2.5,0.0
simbiosis,339,36.42121439636382,0.0,0.5,0.9733333333333333,0.7666666666666667,2.499535732727303,0.0
simbiosis,340,36.28,0.0,0.5,1.0,0.8333333333333334,2.5,0.0
simbiosis,341,36.28,0.0,0.5,1.0,0.8666666666666667,2.5,0.0
simbiosis,342,37.08,0.0,0.5,1.0,0.8,2.5,0.0
simbiosis,343,36.43060719818191,0.0,0.5,0.9866666666666667,0.8,2.499767866363652,0.0
simbiosis,344,36.120000000000005,0.0,0.5,1.0,0.8,2.5,0.0
simbiosis,345,35.8,0.0,0.5,1.0,0.9333333333333333,2.5,0.0
simbiosis,346,36.760000000000005,0.0,0.5,1.0,0.8666666666666667,2.5,0.0
simbiosis,347,36.6,0.0,0.5,1.0,0.8,2.5,0.0
simbiosis,348,36.120000000000005,0.0,0.5,1.0,0.9,2.5,0.0
simbiosis,349,35.96,0.0,0.5,1.0,0.9,2.5,0.0
simbiosis,350,36.760000000000005,0.0,0.5,1.0,0.8666666666666667,2.5,0.0
simbiosis,351,36.42121439636382,0.0,0.5,0.9733333333333333,0.8,2.499535732727303,0.0
simbiosis,352,36.760000000000005,0.0,0.5,1.0,0.8333333333333334,2.5,0.0
simbiosis,353,36.120000000000005,0.0,0.5,1.0,0.8333333333333334,2.5,0.0
simbiosis,354,36.760000000000005,0.0,0.5,1.0,0.8666666666666667,2.5,0.0
simbiosis,355,37.400000000000006,0.0,0.5,1.0,0.8,2.5,0.0
simbiosis,356,36.760000000000005,0.0,0.5,1.0,0.7666666666666667,2.5,0.0
simbiosis,357,36.223643189091455,0.0,0.5,0.92,0.8666666666666667,2.498607198181909,0.0
simbiosis,358,36.6,0.0,0.5,1.0,0.9,2.5,0.0
simbiosis,359,36.760000000000005,0.0,0.5,1.0,0.9,2.5,0.0
simbiosis,360,35.461214396363815,0.0,0.5,0.9733333333333334,0.8666666666666667,2.499535732727303,0.0
simbiosis,361,36.760000000000005,0.0,0.5,1.0,0.8333333333333334,2.5,0.0
simbiosis,362,36.92,0.0,0.5,1.0,0.8,2.5,0.0
simbiosis,363,36.25182159454573,0.0,0.5,0.9599999999999999,0.8333333333333334,2.4993035990909545,0.0
simbiosis,364,36.760000000000005,0.0,0.5,1.0,0.8666666666666667,2.5,0.0
simbiosis,365,35.8,0.0,0.5,1.0,0.9333333333333333,2.5,0.0
simbiosis,366,36.760000000000005,0.0,0.5,1.0,0.8666666666666667,2.5,0.0
simbiosis,367,36.120000000000005,0.0,0.5,1.0,0.9,2.5,0.0
simbiosis,368,36.760000000000005,0.0,0.5,1.0,0.9333333333333333,2.5,0.0
simbiosis,369,36.120000000000005,0.0,0.5,1.0,0.9333333333333333,2.5,0.0
simbiosis,370,36.44,0.0,0.5,1.0,1.0,2.5,0.0
simbiosis,371,36.760000000000005,0.0,0.5,1.0,0.9333333333333333,2.5,0.0
simbiosis,372,36.120000000000005,0.0,0.5,1.0,0.8333333333333334,2.5,0.0
simbiosis,373,36.6,0.0,0.5,1.0,0.9666666666666667,2.5,0.0
simbiosis,374,36.6,0.0,0.5,1.0,0.8666666666666667,2.5,0.0
simbiosis,375,36.120000000000005,0.0,0.5,1.0,0.8333333333333334,2.5,0.0
simbiosis,376,35.96,0.0,0.5,1.0,0.9666666666666667,2.5,0.0
simbiosis,377,36.760000000000005,0.0,0.5,1.0,0.8333333333333334,2.5,0.0
simbiosis,378,36.44,0.0,0.5,1.0,0.8333333333333334,2.5,0.0
simbiosis,379,36.6,0.0,0.5,1.0,0.8333333333333334,2.5,0.0
simbiosis,380,36.120000000000005,0.0,0.5,1.0,0.8666666666666667,2.5,0.0
simbiosis,381,36.120000000000005,0.0,0.5,1.0,0.8666666666666667,2.5,0.0
simbiosis,382,35.8,0.0,0.5,1.0,0.9,2.5,0.0
simbiosis,383,35.96,0.0,0.5,1.0,0.9,2.5,0.0
simbiosis,384,35.8,0.0,0.5,1.0,0.9333333333333333,2.5,0.0
simbiosis,385,36.760000000000005,0.0,0.5,1.0,0.8333333333333334,2.5,0.0
simbiosis,386,36.11060719818191,0.0,0.5,0.9866666666666667,0.9333333333333333,2.499767866363652,0.0
simbiosis,387,36.56242879272764,0.0,0.5,0.9466666666666667,0.8,2.499071465454606,0.0
simbiosis,388,36.43060719818191,0.0,0.5,0.9866666666666667,0.7666666666666667,2.499767866363652,0.0
simbiosis,389,36.11060719818191,0.0,0.5,0.9866666666666667,0.8666666666666667,2.499767866363652,0.0
simbiosis,390,35.96,0.0,0.5,1.0,0.8666666666666667,2.5,0.0
simbiosis,391,36.6,0.0,0.5,1.0,0.8,2.5,0.0
simbiosis,392,36.120000000000005,0.0,0.5,1.0,0.8333333333333334,2.5,0.0
simbiosis,393,36.26121439636382,0.0,0.5,0.9733333333333333,0.8666666666666667,2.499535732727303,0.0
simbiosis,394,36.11060719818191,0.0,0.5,0.9866666666666667,0.8333333333333334,2.499767866363652,0.0
simbiosis,395,35.96,0.0,0.5,1.0,0.9,2.5,0.0
simbiosis,396,35.96,0.0,0.5,1.0,0.9,2.5,0.0
simbiosis,397,36.346071981819094,0.0,0.5,0.8666666666666667,0.8666666666666667,2.4976786636365147,0.0
simbiosis,398,36.120000000000005,0.0,0.5,1.0,0.9,2.5,0.0
simbiosis,399,35.96,0.0,0.5,1.0,0.9666666666666667,2.5,0.0
simbiosis,400,36.90641747160063,1.0,0.5,1.0,0.7333333333333333,2.4997362452667726,0.0
simbiosis,401,37.07060719818191,0.0,0.5,0.9866666666666667,0.8,2.499767866363652,0.0
simbiosis,402,36.120000000000005,0.0,0.5,1.0,0.9333333333333333,2.5,0.0
simbiosis,403,36.6,0.0,0.5,1.0,0.9,2.5,0.0
simbiosis,404,36.58121439636382,0.0,0.5,0.9733333333333333,0.7666666666666667,2.499535732727303,0.0
simbiosis,405,36.44,0.0,0.5,1.0,0.9333333333333333,2.5,0.0
simbiosis,406,36.92,0.0,0.5,1.0,0.7666666666666667,2.5,0.0
simbiosis,407,36.28,0.0,0.5,1.0,0.8333333333333334,2.5,0.0
simbiosis,408,36.760000000000005,0.0,0.5,1.0,0.8,2.5,0.0
simbiosis,409,23.977471600634047,0.0,0.5166666666666667,1.0,0.7,2.2362452667723414,0.0
simbiosis,410,36.760000000000005,0.0,0.5,1.0,0.9333333333333333,2.5,0.0
simbiosis,411,36.6,0.0,0.5,1.0,0.8666666666666667,2.5,0.0
simbiosis,412,36.120000000000005,0.0,0.5,1.0,0.9,2.5,0.0
simbiosis,413,36.120000000000005,0.0,0.5,1.0,0.8666666666666667,2.5,0.0
simbiosis,414,36.91060719818191,0.0,0.5,0.9866666666666667,0.8333333333333334,2.499767866363652,0.0
simbiosis,415,35.96,0.0,0.5,1.0,0.9,2.5,0.0
simbiosis,416,36.760000000000005,0.0,0.5,1.0,0.8666666666666667,2.5,0.0
simbiosis,417,36.120000000000005,0.0,0.5,1.0,0.8666666666666667,2.5,0.0
simbiosis,418,36.75060719818191,0.0,0.5,0.9866666666666667,0.7333333333333333,2.499767866363652,0.0
simbiosis,419,35.96,0.0,0.5,1.0,0.9,2.5,0.0
simbiosis,420,37.08,0.0,0.5,1.0,0.8,2.5,0.0
simbiosis,421,36.760000000000005,0.0,0.5,1.0,0.8,2.5,0.0
simbiosis,422,10.074943201268095,0.0,0.5333333333333333,1.0,0.8,1.9724905335446825,0.0
simbiosis,423,36.11060719818191,0.0,0.5,0.9866666666666667,0.9,2.499767866363652,0.0
simbiosis,424,35.8,0.0,0.5,1.0,0.8666666666666667,2.5,0.0
simbiosis,425,36.39303599090955,0.0,0.5,0.9333333333333333,0.8,2.498839331818258,0.0
simbiosis,426,35.96,0.0,0.5,1.0,0.9,2.5,0.0
simbiosis,427,36.28,0.0,0.5,1.0,0.9,2.5,0.0
simbiosis,428,36.92,0.0,0.5,1.0,0.8333333333333334,2.5,0.0
simbiosis,429,36.92,0.0,0.5,1.0,0.8,2.5,0.0
simbiosis,430,35.433035990909545,0.0,0.5,0.9333333333333336,0.8666666666666667,2.498839331818258,0.0
simbiosis,431,36.28,0.0,0.5,1.0,0.8333333333333334,2.5,0.0
simbiosis,432,36.92,0.0,0.5,1.0,0.8333333333333334,2.5,0.0
simbiosis,433,36.6,0.0,0.5,1.0,0.7333333333333333,2.5,0.0
simbiosis,434,36.28,0.0,0.5,1.0,0.8,2.5,0.0
simbiosis,435,36.120000000000005,0.0,0.5,1.0,0.8333333333333334,2.5,0.0
simbiosis,436,36.43060719818191,0.0,0.5,0.9866666666666667,0.7,2.499767866363652,0.0
simbiosis,437,36.760000000000005,0.0,0.5,1.0,0.8333333333333334,2.5,0.0
simbiosis,438,542.5400000000001,0.0,0.5,1.0,0.8,2.3833333333333333,9.0
simbiosis,439,36.120000000000005,0.0,0.5,1.0,0.9,2.5,0.0
simbiosis,440,36.6,0.0,0.5,1.0,0.8,2.5,0.0
simbiosis,441,36.120000000000005,0.0,0.5,1.0,0.9333333333333333,2.5,0.0
simbiosis,442,36.120000000000005,0.0,0.5,1.0,0.9,2.5,0.0
simbiosis,443,36.760000000000005,0.0,0.5,1.0,0.8666666666666667,2.5,0.0
simbiosis,444,37.07060719818191,0.0,0.5,0.9866666666666667,0.7333333333333333,2.499767866363652,0.0
simbiosis,445,36.42641747160064,1.0,0.5,1.0,0.8333333333333334,2.4997362452667726,0.0
simbiosis,446,36.590607198181914,0.0,0.5,0.9866666666666667,0.7666666666666667,2.499767866363652,0.0
simbiosis,447,35.96,0.0,0.5,1.0,0.9666666666666667,2.5,0.0
simbiosis,448,36.6,0.0,0.5,1.0,0.9333333333333333,2.5,0.0
simbiosis,449,36.11060719818191,0.0,0.5,0.9866666666666667,0.8666666666666667,2.499767866363652,0.0
simbiosis,450,36.120000000000005,0.0,0.5,1.0,0.8666666666666667,2.5,0.0
simbiosis,451,36.6,0.0,0.5,1.0,0.9666666666666667,2.5,0.0
simbiosis,452,36.6,0.0,0.5,1.0,0.8,2.5,0.0
simbiosis,453,36.27060719818191,0.0,0.5,0.9866666666666667,0.8333333333333334,2.499767866363652,0.0
simbiosis,454,36.40242879272763,0.0,0.5,0.9466666666666668,0.7333333333333333,2.4990714654546062,0.0
simbiosis,455,35.96,0.0,0.5,1.0,0.9,2.5,0.0
simbiosis,456,36.28,0.0,0.5,1.0,0.7333333333333333,2.5,0.0
simbiosis,457,36.760000000000005,0.0,0.5,1.0,0.9333333333333333,2.5,0.0
simbiosis,458,36.120000000000005,0.0,0.5,1.0,0.8333333333333334,2.5,0.0
simbiosis,459,36.28,0.0,0.5,1.0,0.8333333333333334,2.5,0.0
simbiosis,460,36.760000000000005,0.0,0.5,1.0,0.8333333333333334,2.5,0.0
simbiosis,461,36.26121439636382,0.0,0.5,0.9733333333333334,0.8666666666666667,2.499535732727303,0.0
simbiosis,462,36.760000000000005,0.0,0.5,1.0,0.8333333333333334,2.5,0.0
simbiosis,463,37.08,0.0,0.5,1.0,0.8,2.5,0.0
simbiosis,464,35.96,0.0,0.5,1.0,0.8666666666666667,2.5,0.0
simbiosis,465,36.41182159454573,0.0,0.5,0.9599999999999999,0.8333333333333334,2.499303599090955,0.0
simbiosis,466,35.96,0.0,0.5,1.0,0.9333333333333333,2.5,0.0
simbiosis,467,36.28,0.0,0.5,1.0,0.8333333333333334,2.5,0.0
simbiosis,468,36.44,0.0,0.5,1.0,0.9333333333333333,2.5,0.0
simbiosis,469,36.44,0.0,0.5,1.0,0.8666666666666667,2.5,0.0
simbiosis,470,36.27060719818191,0.0,0.5,0.9866666666666667,0.8666666666666667,2.499767866363652,0.0
simbiosis,471,36.42121439636382,0.0,0.5,0.9733333333333333,0.8333333333333334,2.499535732727303,0.0
simbiosis,472,36.120000000000005,0.0,0.5,1.0,0.8333333333333334,2.5,0.0
simbiosis,473,36.120000000000005,0.0,0.5,1.0,0.9,2.5,0.0
simbiosis,474,36.120000000000005,0.0,0.5,1.0,0.8333333333333334,2.5,0.0
simbiosis,475,37.08,0.0,0.5,1.0,0.8,2.5,0.0
simbiosis,476,36.58121439636382,0.0,0.5,0.9733333333333334,0.7333333333333333,2.499535732727303,0.0
simbiosis,477,35.8,0.0,0.5,1.0,0.9666666666666667,2.5,0.0
simbiosis,478,36.44,0.0,0.5,1.0,0.8333333333333334,2.5,0.0
simbiosis,479,35.96,0.0,0.5,1.0,0.9333333333333333,2.5,0.0
simbiosis,480,35.96,0.0,0.5,1.0,0.9,2.5,0.0
simbiosis,481,35.96,0.0,0.5,1.0,0.9666666666666667,2.5,0.0
simbiosis,482,36.00728637818291,0.0,0.5,0.8400000000000002,0.8333333333333334,2.4972143963638187,0.0
simbiosis,483,36.92,0.0,0.5,1.0,0.8,2.5,0.0
simbiosis,484,36.590607198181914,0.0,0.5,0.9866666666666667,0.8,2.499767866363652,0.0
simbiosis,485,36.120000000000005,0.0,0.5,1.0,0.8666666666666667,2.5,0.0
simbiosis,486,36.760000000000005,0.0,0.5,1.0,0.8666666666666667,2.5,0.0
simbiosis,487,36.760000000000005,0.0,0.5,1.0,0.9,2.5,0.0
simbiosis,488,36.760000000000005,0.0,0.5,1.0,0.8666666666666667,2.5,0.0
simbiosis,489,36.760000000000005,0.0,0.5,1.0,0.8333333333333334,2.5,0.0
simbiosis,490,36.6,0.0,0.5,1.0,0.8333333333333334,2.5,0.0
simbiosis,491,36.44,0.0,0.5,1.0,0.8,2.5,0.0
simbiosis,492,36.44,0.0,0.5,1.0,1.0,2.5,0.0
simbiosis,493,36.28,0.0,0.5,1.0,0.7333333333333333,2.5,0.0
simbiosis,494,36.28,0.0,0.5,1.0,0.8666666666666667,2.5,0.0
simbiosis,495,35.8,0.0,0.5,1.0,0.9333333333333333,2.5,0.0
simbiosis,496,36.91060719818191,0.0,0.5,0.9866666666666667,0.7666666666666667,2.499767866363652,0.0
simbiosis,497,36.120000000000005,0.0,0.5,1.0,0.7333333333333333,2.5,0.0
simbiosis,498,36.44,0.0,0.5,1.0,0.8333333333333334,2.5,0.0
simbiosis,499,36.120000000000005,0.0,0.5,1.0,0.8,2.5,0.0
simbiosis,500,36.44,0.0,0.5,1.0,0.8,2.5,0.0
