episode,agent,total_reward,steps,resources_collected,final_resources,D_effective,rho,p_acceso,tau_consumo,cells_visited
1,PGF,22.580000000000002,30,5,104.97999999999999,0.6,0.3,0.25,2.0,4
2,PGF,19.000000000000004,30,1,101.0,0.75,0.3,0.3125,2.0,5
3,PGF,17.6,30,0,100.0,0.8999999999999999,0.3,0.1875,1.0,3
4,PGF,20.200000000000003,30,2,102.0,0.8400000000000001,0.3,0.4375,2.5,7
5,PGF,19.8,30,2,102.0,1.0,0.3,0.3125,1.5,5
6,PGF,18.400000000000002,30,1,101.0,0.3,0.3,0.1875,3.0,3
7,PGF,19.560000000000002,30,1,100.95999999999998,0.75,0.3,0.3125,2.0,5
8,PGF,21.76,30,2,101.95999999999998,1.7999999999999998,0.3,0.375,1.0,6
9,PGF,21.31,30,2,101.90999999999995,1.7999999999999998,0.3,0.375,1.0,6
10,PGF,104.79000000000002,30,1,185.99,1.5,0.3,0.625,2.0,10
11,PGF,1973.3750000000007,30,1,2055.975,1.2,0.3,0.5,2.0,8
12,PGF,18.6,30,1,101.0,0.39999999999999997,0.3,0.25,3.0,4
13,PGF,17.8,30,0,100.0,1.2,0.3,0.25,1.0,4
14,PGF,19.98,30,2,101.97999999999999,0.5142857142857142,0.3,0.375,3.5,6
15,PGF,19.79,30,2,101.99,0.5,0.3,0.3125,3.0,5
16,PGF,529.375,30,2,611.975,1.2,0.3,0.5,2.0,8
17,PGF,2142.1750000000006,30,0,2224.975,2.1,0.3,0.4375,1.0,7
18,PGF,2143.1750000000006,30,1,2225.975,2.1,0.3,0.4375,1.0,7
19,PGF,1634.1750000000004,30,2,1716.975,0.8400000000000001,0.3,0.4375,2.5,7
20,PGF,2143.1750000000006,30,1,2225.975,2.1,0.3,0.4375,1.0,7
21,PGF,2143.1750000000006,30,1,2225.975,2.1,0.3,0.4375,1.0,7
22,PGF,2142.1750000000006,30,0,2224.975,2.1,0.3,0.4375,1.0,7
23,PGF,2142.185000000001,30,0,2224.985,2.1,0.3,0.4375,1.0,7
24,PGF,2142.185000000001,30,0,2224.985,2.1,0.3,0.4375,1.0,7
25,PGF,1378.4000000000003,30,1,1461.0,2.1,0.3,0.4375,1.0,7
26,PGF,2057.3850000000007,30,0,2139.985,2.4,0.3,0.5,1.0,8
27,PGF,2142.185000000001,30,0,2224.985,2.1,0.3,0.4375,1.0,7
28,PGF,2142.1750000000006,30,0,2224.975,2.1,0.3,0.4375,1.0,7
29,PGF,2143.185000000001,30,1,2225.985,0.7000000000000001,0.3,0.4375,3.0,7
30,PGF,2058.4000000000005,30,1,2141.0,0.6,0.3,0.5,4.0,8
31,PGF,1974.4000000000005,30,2,2057.0,1.05,0.3,0.4375,2.0,7
32,PGF,2142.185000000001,30,0,2224.985,2.1,0.3,0.4375,1.0,7
33,PGF,2143.185000000001,30,1,2225.985,0.7000000000000001,0.3,0.4375,3.0,7
34,PGF,2057.3850000000007,30,0,2139.985,2.1,0.3,0.4375,1.0,7
35,PGF,2057.3850000000007,30,0,2139.985,2.1,0.3,0.4375,1.0,7
36,PGF,2142.185000000001,30,0,2224.985,2.1,0.3,0.4375,1.0,7
37,PGF,2142.185000000001,30,0,2224.985,2.1,0.3,0.4375,1.0,7
38,PGF,2144.185000000001,30,2,2226.985,1.4000000000000001,0.3,0.4375,1.5,7
39,PGF,2143.2000000000007,30,1,2226.0,1.05,0.3,0.4375,2.0,7
40,PGF,2142.2000000000007,30,0,2225.0,2.1,0.3,0.4375,1.0,7
41,PGF,2057.4000000000005,30,0,2140.0,2.4,0.3,0.5,1.0,8
42,PGF,2142.185000000001,30,0,2224.985,2.1,0.3,0.4375,1.0,7
43,PGF,2058.3850000000007,30,1,2140.985,1.2,0.3,0.5,2.0,8
44,PGF,2143.185000000001,30,1,2225.985,2.1,0.3,0.4375,1.0,7
45,PGF,2057.4000000000005,30,0,2140.0,2.1,0.3,0.4375,1.0,7
46,PGF,2143.2000000000007,30,1,2226.0,0.525,0.3,0.4375,4.0,7
47,PGF,2143.2000000000007,30,1,2226.0,2.1,0.3,0.4375,1.0,7
48,PGF,2142.2000000000007,30,0,2225.0,2.1,0.3,0.4375,1.0,7
49,PGF,2142.185000000001,30,0,2224.985,2.1,0.3,0.4375,1.0,7
50,PGF,2143.185000000001,30,1,2225.985,0.7000000000000001,0.3,0.4375,3.0,7
51,PGF,1293.2000000000003,30,1,1376.0,1.05,0.3,0.4375,2.0,7
52,PGF,2142.2000000000007,30,0,2225.0,2.1,0.3,0.4375,1.0,7
53,PGF,2144.185000000001,30,2,2226.985,1.05,0.3,0.4375,2.0,7
54,PGF,2142.185000000001,30,0,2224.985,2.1,0.3,0.4375,1.0,7
55,PGF,2143.2000000000007,30,1,2226.0,0.525,0.3,0.4375,4.0,7
56,PGF,2143.185000000001,30,1,2225.985,1.05,0.3,0.4375,2.0,7
57,PGF,2142.2000000000007,30,0,2225.0,2.1,0.3,0.4375,1.0,7
58,PGF,2143.2000000000007,30,1,2226.0,2.1,0.3,0.4375,1.0,7
59,PGF,2143.185000000001,30,1,2225.985,1.05,0.3,0.4375,2.0,7
60,PGF,2143.185000000001,30,1,2225.985,1.05,0.3,0.4375,2.0,7
61,PGF,2143.185000000001,30,1,2225.985,2.1,0.3,0.4375,1.0,7
62,PGF,2143.185000000001,30,1,2225.985,2.1,0.3,0.4375,1.0,7
63,PGF,2142.2000000000007,30,0,2225.0,2.1,0.3,0.4375,1.0,7
64,PGF,2143.2000000000007,30,1,2226.0,0.525,0.3,0.4375,4.0,7
65,PGF,2143.2000000000007,30,1,2226.0,2.1,0.3,0.4375,1.0,7
66,PGF,2143.2000000000007,30,1,2226.0,2.1,0.3,0.4375,1.0,7
67,PGF,2143.2000000000007,30,1,2226.0,0.7000000000000001,0.3,0.4375,3.0,7
68,PGF,2143.2000000000007,30,1,2226.0,2.1,0.3,0.4375,1.0,7
69,PGF,2142.2000000000007,30,0,2225.0,2.1,0.3,0.4375,1.0,7
70,PGF,2143.2000000000007,30,1,2226.0,0.7000000000000001,0.3,0.4375,3.0,7
71,PGF,2143.2000000000007,30,1,2226.0,2.1,0.3,0.4375,1.0,7
72,PGF,2142.185000000001,30,0,2224.985,2.1,0.3,0.4375,1.0,7
73,PGF,2143.2000000000007,30,1,2226.0,2.1,0.3,0.4375,1.0,7
74,PGF,2144.2000000000007,30,2,2227.0,2.1,0.3,0.4375,1.0,7
75,PGF,2143.2000000000007,30,1,2226.0,2.1,0.3,0.4375,1.0,7
76,PGF,2142.2000000000007,30,0,2225.0,2.1,0.3,0.4375,1.0,7
77,PGF,2143.2000000000007,30,1,2226.0,0.525,0.3,0.4375,4.0,7
78,PGF,2142.2000000000007,30,0,2225.0,2.1,0.3,0.4375,1.0,7
79,PGF,2143.2000000000007,30,1,2226.0,2.1,0.3,0.4375,1.0,7
80,PGF,2142.2000000000007,30,0,2225.0,2.1,0.3,0.4375,1.0,7
81,PGF,1972.6000000000008,30,0,2055.0,2.4,0.3,0.5,1.0,8
82,PGF,2057.4000000000005,30,0,2140.0,2.4,0.3,0.5,1.0,8
83,PGF,2142.2000000000007,30,0,2225.0,2.1,0.3,0.4375,1.0,7
84,PGF,615.3999999999997,30,1,696.0,2.1,0.3,0.4375,1.0,7
85,PGF,2143.2000000000007,30,1,2226.0,2.1,0.3,0.4375,1.0,7
86,PGF,2143.2000000000007,30,1,2226.0,1.05,0.3,0.4375,2.0,7
87,PGF,2142.2000000000007,30,0,2225.0,2.1,0.3,0.4375,1.0,7
88,PGF,2142.2000000000007,30,0,2225.0,2.1,0.3,0.4375,1.0,7
89,PGF,2144.2000000000007,30,2,2227.0,1.05,0.3,0.4375,2.0,7
90,PGF,2142.2000000000007,30,0,2225.0,2.1,0.3,0.4375,1.0,7
91,PGF,2142.2000000000007,30,0,2225.0,2.1,0.3,0.4375,1.0,7
92,PGF,2059.2000000000007,30,1,2141.0,2.1,0.3,0.4375,1.0,7
93,PGF,2142.2000000000007,30,0,2225.0,2.1,0.3,0.4375,1.0,7
94,PGF,2143.2000000000007,30,1,2226.0,0.525,0.3,0.4375,4.0,7
95,PGF,2142.2000000000007,30,0,2225.0,2.1,0.3,0.4375,1.0,7
96,PGF,2142.2000000000007,30,0,2225.0,2.1,0.3,0.4375,1.0,7
97,PGF,2143.2000000000007,30,1,2226.0,0.7000000000000001,0.3,0.4375,3.0,7
98,PGF,2143.2000000000007,30,1,2226.0,2.1,0.3,0.4375,1.0,7
99,PGF,2142.2000000000007,30,0,2225.0,2.1,0.3,0.4375,1.0,7
100,PGF,2058.4000000000005,30,1,2141.0,0.6,0.3,0.5,4.0,8
101,PGF,2143.2000000000007,30,1,2226.0,0.525,0.3,0.4375,4.0,7
102,PGF,2057.4000000000005,30,0,2140.0,2.1,0.3,0.4375,1.0,7
103,PGF,2142.2000000000007,30,0,2225.0,2.1,0.3,0.4375,1.0,7
104,PGF,2143.2000000000007,30,1,2226.0,2.1,0.3,0.4375,1.0,7
105,PGF,1887.6000000000006,30,0,1970.0,2.4,0.3,0.5,1.0,8
106,PGF,2143.2000000000007,30,1,2226.0,2.1,0.3,0.4375,1.0,7
107,PGF,2143.2000000000007,30,1,2226.0,1.05,0.3,0.4375,2.0,7
108,PGF,2142.2000000000007,30,0,2225.0,2.1,0.3,0.4375,1.0,7
109,PGF,2057.4000000000005,30,0,2140.0,2.4,0.3,0.5,1.0,8
110,PGF,2143.2000000000007,30,1,2226.0,1.05,0.3,0.4375,2.0,7
111,PGF,1973.3850000000007,30,1,2055.985,2.4,0.3,0.5,1.0,8
112,PGF,2143.2000000000007,30,1,2226.0,1.05,0.3,0.4375,2.0,7
113,PGF,2057.4000000000005,30,0,2140.0,2.1,0.3,0.4375,1.0,7
114,PGF,1377.2000000000003,30,0,1460.0,2.1,0.3,0.4375,1.0,7
115,PGF,2057.4000000000005,30,0,2140.0,2.1,0.3,0.4375,1.0,7
116,PGF,2144.2000000000007,30,2,2227.0,1.4000000000000001,0.3,0.4375,1.5,7
117,PGF,2143.2000000000007,30,1,2226.0,1.05,0.3,0.4375,2.0,7
118,PGF,2058.2000000000007,30,0,2140.0,2.1,0.3,0.4375,1.0,7
119,PGF,2143.2000000000007,30,1,2226.0,2.1,0.3,0.4375,1.0,7
120,PGF,2142.2000000000007,30,0,2225.0,2.1,0.3,0.4375,1.0,7
121,PGF,1292.4000000000003,30,0,1375.0,2.1,0.3,0.4375,1.0,7
122,PGF,2143.2000000000007,30,1,2226.0,1.05,0.3,0.4375,2.0,7
123,PGF,2143.2000000000007,30,1,2226.0,0.7000000000000001,0.3,0.4375,3.0,7
124,PGF,2142.2000000000007,30,0,2225.0,2.1,0.3,0.4375,1.0,7
125,PGF,2143.2000000000007,30,1,2226.0,2.1,0.3,0.4375,1.0,7
126,PGF,2059.4000000000005,30,2,2142.0,1.4000000000000001,0.3,0.4375,1.5,7
127,PGF,2143.2000000000007,30,1,2226.0,2.1,0.3,0.4375,1.0,7
128,PGF,2142.2000000000007,30,0,2225.0,2.1,0.3,0.4375,1.0,7
129,PGF,1972.4000000000005,30,0,2055.0,2.1,0.3,0.4375,1.0,7
130,PGF,2142.2000000000007,30,0,2225.0,2.1,0.3,0.4375,1.0,7
131,PGF,2143.2000000000007,30,1,2226.0,0.7000000000000001,0.3,0.4375,3.0,7
132,PGF,19.6,30,2,102.0,1.2,0.3,0.25,1.0,4
133,PGF,1038.2,30,1,1121.0,1.05,0.3,0.4375,2.0,7
134,PGF,2058.2000000000007,30,1,2141.0,2.1,0.3,0.4375,1.0,7
135,PGF,2143.2000000000007,30,1,2226.0,2.1,0.3,0.4375,1.0,7
136,PGF,2142.2000000000007,30,0,2225.0,2.1,0.3,0.4375,1.0,7
137,PGF,2058.4000000000005,30,1,2141.0,2.1,0.3,0.4375,1.0,7
138,PGF,1887.2000000000005,30,0,1970.0,2.1,0.3,0.4375,1.0,7
139,PGF,2143.2000000000007,30,1,2226.0,0.7000000000000001,0.3,0.4375,3.0,7
140,PGF,1973.4000000000005,30,1,2056.0,2.1,0.3,0.4375,1.0,7
141,PGF,2143.2000000000007,30,1,2226.0,0.525,0.3,0.4375,4.0,7
142,PGF,2142.2000000000007,30,0,2225.0,2.1,0.3,0.4375,1.0,7
143,PGF,1888.2000000000005,30,1,1971.0,1.05,0.3,0.4375,2.0,7
144,PGF,2143.2000000000007,30,1,2226.0,1.05,0.3,0.4375,2.0,7
145,PGF,2142.2000000000007,30,0,2225.0,2.1,0.3,0.4375,1.0,7
146,PGF,2058.4000000000005,30,1,2141.0,1.05,0.3,0.4375,2.0,7
147,PGF,2143.2000000000007,30,1,2226.0,1.05,0.3,0.4375,2.0,7
148,PGF,2142.2000000000007,30,0,2225.0,2.1,0.3,0.4375,1.0,7
149,PGF,2142.2000000000007,30,0,2225.0,2.1,0.3,0.4375,1.0,7
150,PGF,2143.2000000000007,30,1,2226.0,1.05,0.3,0.4375,2.0,7
151,PGF,2144.2000000000007,30,2,2227.0,1.4000000000000001,0.3,0.4375,1.5,7
152,PGF,1972.4000000000005,30,0,2055.0,2.1,0.3,0.4375,1.0,7
153,PGF,2142.2000000000007,30,0,2225.0,2.1,0.3,0.4375,1.0,7
154,PGF,2142.2000000000007,30,0,2225.0,2.1,0.3,0.4375,1.0,7
155,PGF,2143.2000000000007,30,1,2226.0,0.7000000000000001,0.3,0.4375,3.0,7
156,PGF,2142.2000000000007,30,0,2225.0,2.1,0.3,0.4375,1.0,7
157,PGF,2142.2000000000007,30,0,2225.0,2.1,0.3,0.4375,1.0,7
158,PGF,2142.2000000000007,30,0,2225.0,2.1,0.3,0.4375,1.0,7
159,PGF,2143.2000000000007,30,1,2226.0,2.1,0.3,0.4375,1.0,7
160,PGF,2142.2000000000007,30,0,2225.0,2.1,0.3,0.4375,1.0,7
161,PGF,2142.2000000000007,30,0,2225.0,2.1,0.3,0.4375,1.0,7
162,PGF,2058.4000000000005,30,1,2141.0,2.4,0.3,0.5,1.0,8
163,PGF,2143.2000000000007,30,1,2226.0,0.525,0.3,0.4375,4.0,7
164,PGF,2143.2000000000007,30,1,2226.0,0.525,0.3,0.4375,4.0,7
165,PGF,2143.2000000000007,30,1,2226.0,0.7000000000000001,0.3,0.4375,3.0,7
166,PGF,2143.2000000000007,30,1,2226.0,1.05,0.3,0.4375,2.0,7
167,PGF,2143.2000000000007,30,1,2226.0,1.05,0.3,0.4375,2.0,7
168,PGF,2142.2000000000007,30,0,2225.0,2.1,0.3,0.4375,1.0,7
169,PGF,2142.2000000000007,30,0,2225.0,2.1,0.3,0.4375,1.0,7
170,PGF,1973.4000000000005,30,1,2056.0,2.4,0.3,0.5,1.0,8
171,PGF,2143.2000000000007,30,1,2226.0,1.05,0.3,0.4375,2.0,7
172,PGF,2142.2000000000007,30,0,2225.0,2.1,0.3,0.4375,1.0,7
173,PGF,2059.4000000000005,30,2,2142.0,1.5999999999999999,0.3,0.5,1.5,8
174,PGF,2142.2000000000007,30,0,2225.0,2.1,0.3,0.4375,1.0,7
175,PGF,2143.2000000000007,30,1,2226.0,2.1,0.3,0.4375,1.0,7
176,PGF,2143.2000000000007,30,1,2226.0,2.1,0.3,0.4375,1.0,7
177,PGF,1972.4000000000005,30,0,2055.0,2.1,0.3,0.4375,1.0,7
178,PGF,2142.2000000000007,30,0,2225.0,2.1,0.3,0.4375,1.0,7
179,PGF,2142.2000000000007,30,0,2225.0,2.1,0.3,0.4375,1.0,7
180,PGF,2143.2000000000007,30,1,2226.0,1.05,0.3,0.4375,2.0,7
181,PGF,2144.2000000000007,30,2,2227.0,0.8400000000000001,0.3,0.4375,2.5,7
182,PGF,2143.2000000000007,30,1,2226.0,1.05,0.3,0.4375,2.0,7
183,PGF,2143.2000000000007,30,1,2226.0,2.1,0.3,0.4375,1.0,7
184,PGF,2143.2000000000007,30,1,2226.0,2.1,0.3,0.4375,1.0,7
185,PGF,2143.2000000000007,30,1,2226.0,2.1,0.3,0.4375,1.0,7
186,PGF,2143.2000000000007,30,1,2226.0,2.1,0.3,0.4375,1.0,7
187,PGF,2144.2000000000007,30,2,2227.0,0.8400000000000001,0.3,0.4375,2.5,7
188,PGF,2142.2000000000007,30,0,2225.0,2.1,0.3,0.4375,1.0,7
189,PGF,2142.2000000000007,30,0,2225.0,2.1,0.3,0.4375,1.0,7
190,PGF,2142.2000000000007,30,0,2225.0,2.1,0.3,0.4375,1.0,7
191,PGF,2143.2000000000007,30,1,2226.0,2.1,0.3,0.4375,1.0,7
192,PGF,2143.2000000000007,30,1,2226.0,2.1,0.3,0.4375,1.0,7
193,PGF,2142.2000000000007,30,0,2225.0,2.1,0.3,0.4375,1.0,7
194,PGF,2143.2000000000007,30,1,2226.0,0.7000000000000001,0.3,0.4375,3.0,7
195,PGF,2143.2000000000007,30,1,2226.0,2.1,0.3,0.4375,1.0,7
196,PGF,2143.2000000000007,30,1,2226.0,2.1,0.3,0.4375,1.0,7
197,PGF,2058.4000000000005,30,1,2141.0,2.4,0.3,0.5,1.0,8
198,PGF,2142.2000000000007,30,0,2225.0,2.1,0.3,0.4375,1.0,7
199,PGF,2145.2000000000007,30,3,2228.0,1.05,0.3,0.4375,2.0,7
200,PGF,2057.1900000000005,30,0,2139.99,2.1,0.3,0.4375,1.0,7
201,PGF,2143.2000000000007,30,1,2226.0,1.05,0.3,0.4375,2.0,7
202,PGF,2144.2000000000007,30,2,2227.0,0.8400000000000001,0.3,0.4375,2.5,7
203,PGF,2058.4000000000005,30,1,2141.0,0.7999999999999999,0.3,0.5,3.0,8
204,PGF,2142.2000000000007,30,0,2225.0,2.1,0.3,0.4375,1.0,7
205,PGF,2143.2000000000007,30,1,2226.0,0.7000000000000001,0.3,0.4375,3.0,7
206,PGF,2143.2000000000007,30,1,2226.0,2.1,0.3,0.4375,1.0,7
207,PGF,2142.2000000000007,30,0,2225.0,2.1,0.3,0.4375,1.0,7
208,PGF,2144.2000000000007,30,2,2227.0,1.05,0.3,0.4375,2.0,7
209,PGF,1462.2000000000003,30,0,1545.0,2.1,0.3,0.4375,1.0,7
210,PGF,2142.2000000000007,30,0,2225.0,2.1,0.3,0.4375,1.0,7
211,PGF,2142.2000000000007,30,0,2225.0,2.1,0.3,0.4375,1.0,7
212,PGF,2143.2000000000007,30,1,2226.0,0.7000000000000001,0.3,0.4375,3.0,7
213,PGF,2143.2000000000007,30,1,2226.0,1.05,0.3,0.4375,2.0,7
214,PGF,2142.2000000000007,30,0,2225.0,2.1,0.3,0.4375,1.0,7
215,PGF,2143.2000000000007,30,1,2226.0,0.7000000000000001,0.3,0.4375,3.0,7
216,PGF,2143.2000000000007,30,1,2226.0,1.05,0.3,0.4375,2.0,7
217,PGF,2142.2000000000007,30,0,2225.0,2.1,0.3,0.4375,1.0,7
218,PGF,2143.2000000000007,30,1,2226.0,2.1,0.3,0.4375,1.0,7
219,PGF,2144.2000000000007,30,2,2227.0,0.8400000000000001,0.3,0.4375,2.5,7
220,PGF,2059.4000000000005,30,2,2142.0,0.8400000000000001,0.3,0.4375,2.5,7
221,PGF,1887.2000000000005,30,0,1970.0,2.1,0.3,0.4375,1.0,7
222,PGF,2142.2000000000007,30,0,2225.0,2.1,0.3,0.4375,1.0,7
223,PGF,2143.2000000000007,30,1,2226.0,2.1,0.3,0.4375,1.0,7
224,PGF,2143.2000000000007,30,1,2226.0,1.05,0.3,0.4375,2.0,7
225,PGF,2144.2000000000007,30,2,2227.0,1.4000000000000001,0.3,0.4375,1.5,7
226,PGF,2144.2000000000007,30,2,2227.0,1.05,0.3,0.4375,2.0,7
227,PGF,2058.2000000000007,30,1,2141.0,1.05,0.3,0.4375,2.0,7
228,PGF,2143.2000000000007,30,1,2226.0,2.1,0.3,0.4375,1.0,7
229,PGF,2143.2000000000007,30,1,2226.0,2.1,0.3,0.4375,1.0,7
230,PGF,17.8,30,0,100.0,1.2,0.3,0.25,1.0,4
231,PGF,2143.2000000000007,30,1,2226.0,2.1,0.3,0.4375,1.0,7
232,PGF,19.400000000000002,30,1,101.0,0.44999999999999996,0.3,0.375,4.0,6
233,PGF,1888.2000000000005,30,1,1971.0,2.1,0.3,0.4375,1.0,7
234,PGF,1889.2000000000005,30,2,1972.0,1.05,0.3,0.4375,2.0,7
235,PGF,2143.2000000000007,30,1,2226.0,0.7000000000000001,0.3,0.4375,3.0,7
236,PGF,2143.2000000000007,30,1,2226.0,2.1,0.3,0.4375,1.0,7
237,PGF,2142.2000000000007,30,0,2225.0,2.1,0.3,0.4375,1.0,7
238,PGF,2142.2000000000007,30,0,2225.0,2.1,0.3,0.4375,1.0,7
239,PGF,2143.2000000000007,30,1,2226.0,2.1,0.3,0.4375,1.0,7
240,PGF,2058.4000000000005,30,1,2141.0,2.1,0.3,0.4375,1.0,7
241,PGF,2143.2000000000007,30,1,2226.0,1.05,0.3,0.4375,2.0,7
242,PGF,2142.2000000000007,30,0,2225.0,2.1,0.3,0.4375,1.0,7
243,PGF,2142.2000000000007,30,0,2225.0,2.1,0.3,0.4375,1.0,7
244,PGF,2143.2000000000007,30,1,2226.0,0.525,0.3,0.4375,4.0,7
245,PGF,2142.2000000000007,30,0,2225.0,2.1,0.3,0.4375,1.0,7
246,PGF,2143.2000000000007,30,1,2226.0,0.7000000000000001,0.3,0.4375,3.0,7
247,PGF,2142.2000000000007,30,0,2225.0,2.1,0.3,0.4375,1.0,7
248,PGF,2142.2000000000007,30,0,2225.0,2.1,0.3,0.4375,1.0,7
249,PGF,2059.4000000000005,30,2,2142.0,1.5999999999999999,0.3,0.5,1.5,8
250,PGF,2142.2000000000007,30,0,2225.0,2.1,0.3,0.4375,1.0,7
251,PGF,2144.2000000000007,30,2,2227.0,1.4000000000000001,0.3,0.4375,1.5,7
252,PGF,2057.4000000000005,30,0,2140.0,2.1,0.3,0.4375,1.0,7
253,PGF,2144.2000000000007,30,2,2227.0,1.4000000000000001,0.3,0.4375,1.5,7
254,PGF,2143.2000000000007,30,1,2226.0,2.1,0.3,0.4375,1.0,7
255,PGF,2142.2000000000007,30,0,2225.0,2.1,0.3,0.4375,1.0,7
256,PGF,2143.2000000000007,30,1,2226.0,0.7000000000000001,0.3,0.4375,3.0,7
257,PGF,2142.2000000000007,30,0,2225.0,2.1,0.3,0.4375,1.0,7
258,PGF,1973.6000000000008,30,1,2056.0,1.2,0.3,0.5,2.0,8
259,PGF,2143.2000000000007,30,1,2226.0,1.05,0.3,0.4375,2.0,7
260,PGF,2144.2000000000007,30,2,2227.0,2.1,0.3,0.4375,1.0,7
261,PGF,2142.2000000000007,30,0,2225.0,2.1,0.3,0.4375,1.0,7
262,PGF,2142.2000000000007,30,0,2225.0,2.1,0.3,0.4375,1.0,7
263,PGF,2142.2000000000007,30,0,2225.0,2.1,0.3,0.4375,1.0,7
264,PGF,2143.2000000000007,30,1,2226.0,2.1,0.3,0.4375,1.0,7
265,PGF,2142.2000000000007,30,0,2225.0,2.1,0.3,0.4375,1.0,7
266,PGF,2143.2000000000007,30,1,2226.0,0.7000000000000001,0.3,0.4375,3.0,7
267,PGF,2143.2000000000007,30,1,2226.0,2.1,0.3,0.4375,1.0,7
268,PGF,2142.2000000000007,30,0,2225.0,2.1,0.3,0.4375,1.0,7
269,PGF,2143.2000000000007,30,1,2226.0,2.1,0.3,0.4375,1.0,7
270,PGF,2142.2000000000007,30,0,2225.0,2.1,0.3,0.4375,1.0,7
271,PGF,2144.2000000000007,30,2,2227.0,0.7000000000000001,0.3,0.4375,3.0,7
272,PGF,2057.4000000000005,30,0,2140.0,2.1,0.3,0.4375,1.0,7
273,PGF,2144.2000000000007,30,2,2227.0,0.8400000000000001,0.3,0.4375,2.5,7
274,PGF,2143.2000000000007,30,1,2226.0,0.525,0.3,0.4375,4.0,7
275,PGF,2142.2000000000007,30,0,2225.0,2.1,0.3,0.4375,1.0,7
276,PGF,2142.2000000000007,30,0,2225.0,2.1,0.3,0.4375,1.0,7
277,PGF,2142.2000000000007,30,0,2225.0,2.1,0.3,0.4375,1.0,7
278,PGF,2142.2000000000007,30,0,2225.0,2.1,0.3,0.4375,1.0,7
279,PGF,2143.2000000000007,30,1,2226.0,1.05,0.3,0.4375,2.0,7
280,PGF,2142.2000000000007,30,0,2225.0,2.1,0.3,0.4375,1.0,7
281,PGF,2143.2000000000007,30,1,2226.0,1.05,0.3,0.4375,2.0,7
282,PGF,2143.2000000000007,30,1,2226.0,0.7000000000000001,0.3,0.4375,3.0,7
283,PGF,2142.2000000000007,30,0,2225.0,2.1,0.3,0.4375,1.0,7
284,PGF,2143.2000000000007,30,1,2226.0,0.7000000000000001,0.3,0.4375,3.0,7
285,PGF,2142.2000000000007,30,0,2225.0,2.1,0.3,0.4375,1.0,7
286,PGF,2143.2000000000007,30,1,2226.0,2.1,0.3,0.4375,1.0,7
287,PGF,2143.2000000000007,30,1,2226.0,1.05,0.3,0.4375,2.0,7
288,PGF,2142.2000000000007,30,0,2225.0,2.1,0.3,0.4375,1.0,7
289,PGF,2142.2000000000007,30,0,2225.0,2.1,0.3,0.4375,1.0,7
290,PGF,2142.2000000000007,30,0,2225.0,2.1,0.3,0.4375,1.0,7
291,PGF,2143.2000000000007,30,1,2226.0,1.05,0.3,0.4375,2.0,7
292,PGF,2143.2000000000007,30,1,2226.0,2.1,0.3,0.4375,1.0,7
293,PGF,2144.2000000000007,30,2,2227.0,1.4000000000000001,0.3,0.4375,1.5,7
294,PGF,2144.2000000000007,30,2,2227.0,0.8400000000000001,0.3,0.4375,2.5,7
295,PGF,2143.2000000000007,30,1,2226.0,2.1,0.3,0.4375,1.0,7
296,PGF,2143.2000000000007,30,1,2226.0,2.1,0.3,0.4375,1.0,7
297,PGF,2143.2000000000007,30,1,2226.0,2.1,0.3,0.4375,1.0,7
298,PGF,2144.2000000000007,30,2,2227.0,2.1,0.3,0.4375,1.0,7
299,PGF,2143.2000000000007,30,1,2226.0,0.7000000000000001,0.3,0.4375,3.0,7
300,PGF,2143.2000000000007,30,1,2226.0,2.1,0.3,0.4375,1.0,7
1,Control,19.78,30,2,101.97999999999999,0.7999999999999999,0.3,0.25,1.5,4
2,Control,18.400000000000002,30,1,101.0,0.3,0.3,0.1875,3.0,3
3,Control,17.800000000000004,30,0,100.0,1.2,0.3,0.25,1.0,4
4,Control,18.78,30,1,100.97999999999999,0.8999999999999999,0.3,0.1875,1.0,3
5,Control,19.590000000000003,30,2,101.99,0.7999999999999999,0.3,0.25,1.5,4
6,Control,17.400000000000002,30,0,100.0,0.8999999999999999,0.3,0.1875,1.0,3
7,Control,17.39,30,0,99.99,0.8999999999999999,0.3,0.1875,1.0,3
8,Control,17.790000000000003,30,0,99.99,1.2,0.3,0.25,1.0,4
9,Control,18.78,30,1,100.97999999999999,0.8999999999999999,0.3,0.1875,1.0,3
10,Control,22.19,30,4,103.99,1.0,0.3,0.3125,1.5,5
11,Control,21.6,30,3,103.0,1.3499999999999999,0.3,0.375,1.3333333333333333,6
12,Control,18.6,30,1,101.0,1.2,0.3,0.25,1.0,4
13,Control,20.6,30,3,103.0,0.39999999999999997,0.3,0.25,3.0,4
14,Control,20.0,30,2,102.0,0.6,0.3,0.3125,2.5,5
15,Control,19.6,30,2,102.0,1.2,0.3,0.25,1.0,4
16,Control,19.6,30,2,102.0,0.48,0.3,0.25,2.5,4
17,Control,17.200000000000003,30,0,100.0,0.6,0.3,0.125,1.0,2
18,Control,17.6,30,0,100.0,1.2,0.3,0.25,1.0,4
19,Control,17.6,30,0,100.0,1.2,0.3,0.25,1.0,4
20,Control,17.400000000000002,30,0,100.0,0.8999999999999999,0.3,0.1875,1.0,3
21,Control,17.800000000000004,30,0,100.0,1.5,0.3,0.3125,1.0,5
22,Control,20.400000000000002,30,2,102.0,0.75,0.3,0.3125,2.0,5
23,Control,18.6,30,1,101.0,1.2,0.3,0.25,1.0,4
24,Control,18.6,30,1,101.0,0.6,0.3,0.25,2.0,4
25,Control,17.6,30,0,100.0,1.2,0.3,0.25,1.0,4
26,Control,17.800000000000004,30,0,100.0,1.5,0.3,0.3125,1.0,5
27,Control,22.0,30,3,103.0,0.8999999999999999,0.3,0.3125,1.6666666666666667,5
28,Control,28.4,30,8,108.0,1.2,0.3,0.3125,1.25,5
29,Control,2142.2000000000007,30,0,2225.0,2.1,0.3,0.4375,1.0,7
30,Control,17.6,30,0,100.0,1.2,0.3,0.25,1.0,4
31,Control,17.6,30,0,100.0,1.2,0.3,0.25,1.0,4
32,Control,19.6,30,2,102.0,1.2,0.3,0.25,1.0,4
33,Control,18.800000000000004,30,1,101.0,1.5,0.3,0.3125,1.0,5
34,Control,18.790000000000003,30,1,100.99,0.8999999999999999,0.3,0.375,2.0,6
35,Control,18.790000000000003,30,1,100.99,0.75,0.3,0.3125,2.0,5
36,Control,17.790000000000003,30,0,99.99,1.5,0.3,0.3125,1.0,5
37,Control,17.790000000000003,30,0,99.99,1.5,0.3,0.3125,1.0,5
38,Control,17.990000000000002,30,0,99.99,1.5,0.3,0.3125,1.0,5
39,Control,20.990000000000002,30,3,102.99,1.3499999999999999,0.3,0.375,1.3333333333333333,6
40,Control,17.990000000000002,30,0,99.99,1.7999999999999998,0.3,0.375,1.0,6
41,Control,17.990000000000002,30,0,99.99,1.7999999999999998,0.3,0.375,1.0,6
42,Control,17.975,30,0,99.975,1.7999999999999998,0.3,0.375,1.0,6
43,Control,18.975,30,1,100.975,1.7999999999999998,0.3,0.375,1.0,6
44,Control,1633.3750000000005,30,1,1715.975,1.2,0.3,0.5,2.0,8
45,Control,612.175,30,0,694.975,2.1,0.3,0.4375,1.0,7
46,Control,2143.185000000001,30,1,2225.985,2.1,0.3,0.4375,1.0,7
47,Control,2144.185000000001,30,2,2226.985,1.4000000000000001,0.3,0.4375,1.5,7
48,Control,1889.5700000000006,30,2,1971.97,1.0799999999999998,0.3,0.5625,2.5,9
49,Control,2143.185000000001,30,1,2225.985,0.7000000000000001,0.3,0.4375,3.0,7
50,Control,2145.2000000000007,30,3,2228.0,1.05,0.3,0.4375,2.0,7
51,Control,2059.4000000000005,30,2,2142.0,1.2,0.3,0.5,2.0,8
52,Control,2143.2000000000007,30,1,2226.0,2.1,0.3,0.4375,1.0,7
53,Control,2144.2000000000007,30,2,2227.0,1.05,0.3,0.4375,2.0,7
54,Control,1975.6000000000008,30,3,2058.0,1.2,0.3,0.5,2.0,8
55,Control,2058.3850000000007,30,1,2140.985,2.1,0.3,0.4375,1.0,7
56,Control,2143.2000000000007,30,1,2226.0,0.525,0.3,0.4375,4.0,7
57,Control,2143.2000000000007,30,1,2226.0,1.05,0.3,0.4375,2.0,7
58,Control,2142.185000000001,30,0,2224.985,2.1,0.3,0.4375,1.0,7
59,Control,2143.185000000001,30,1,2225.985,2.1,0.3,0.4375,1.0,7
60,Control,2143.185000000001,30,1,2225.985,2.1,0.3,0.4375,1.0,7
61,Control,954.2000000000002,30,2,1037.0,0.8400000000000001,0.3,0.4375,2.5,7
62,Control,2142.2000000000007,30,0,2225.0,2.1,0.3,0.4375,1.0,7
63,Control,2143.1750000000006,30,1,2225.975,0.7000000000000001,0.3,0.4375,3.0,7
64,Control,2144.1750000000006,30,2,2226.975,0.8400000000000001,0.3,0.4375,2.5,7
65,Control,2143.1750000000006,30,1,2225.975,2.1,0.3,0.4375,1.0,7
66,Control,2144.1750000000006,30,2,2226.975,1.4000000000000001,0.3,0.4375,1.5,7
67,Control,2144.1750000000006,30,2,2226.975,1.4000000000000001,0.3,0.4375,1.5,7
68,Control,2143.1750000000006,30,1,2225.975,2.1,0.3,0.4375,1.0,7
69,Control,2143.1750000000006,30,1,2225.975,1.05,0.3,0.4375,2.0,7
70,Control,2143.1750000000006,30,1,2225.975,1.05,0.3,0.4375,2.0,7
71,Control,2142.1750000000006,30,0,2224.975,2.1,0.3,0.4375,1.0,7
72,Control,2142.1750000000006,30,0,2224.975,2.1,0.3,0.4375,1.0,7
73,Control,2142.1750000000006,30,0,2224.975,2.1,0.3,0.4375,1.0,7
74,Control,2058.3750000000005,30,1,2140.975,1.05,0.3,0.4375,2.0,7
75,Control,2144.1750000000006,30,2,2226.975,2.1,0.3,0.4375,1.0,7
76,Control,2142.1750000000006,30,0,2224.975,2.1,0.3,0.4375,1.0,7
77,Control,2057.3750000000005,30,0,2139.975,2.1,0.3,0.4375,1.0,7
78,Control,2143.1750000000006,30,1,2225.975,0.7000000000000001,0.3,0.4375,3.0,7
79,Control,2143.1750000000006,30,1,2225.975,2.1,0.3,0.4375,1.0,7
80,Control,2059.390000000001,30,2,2141.99,1.4000000000000001,0.3,0.4375,1.5,7
81,Control,2144.1750000000006,30,2,2226.975,0.8400000000000001,0.3,0.4375,2.5,7
82,Control,2142.1750000000006,30,0,2224.975,2.1,0.3,0.4375,1.0,7
83,Control,2143.1750000000006,30,1,2225.975,1.05,0.3,0.4375,2.0,7
84,Control,2144.1750000000006,30,2,2226.975,1.4000000000000001,0.3,0.4375,1.5,7
85,Control,2143.1750000000006,30,1,2225.975,1.05,0.3,0.4375,2.0,7
86,Control,2144.1750000000006,30,2,2226.975,1.05,0.3,0.4375,2.0,7
87,Control,2058.3750000000005,30,1,2140.975,2.1,0.3,0.4375,1.0,7
88,Control,2145.1750000000006,30,3,2227.975,1.26,0.3,0.4375,1.6666666666666667,7
89,Control,2143.1750000000006,30,1,2225.975,2.1,0.3,0.4375,1.0,7
90,Control,2143.1750000000006,30,1,2225.975,1.05,0.3,0.4375,2.0,7
91,Control,2143.1750000000006,30,1,2225.975,0.7000000000000001,0.3,0.4375,3.0,7
92,Control,2142.1750000000006,30,0,2224.975,2.1,0.3,0.4375,1.0,7
93,Control,2142.1750000000006,30,0,2224.975,2.1,0.3,0.4375,1.0,7
94,Control,2142.1750000000006,30,0,2224.975,2.1,0.3,0.4375,1.0,7
95,Control,2144.1750000000006,30,2,2226.975,0.8400000000000001,0.3,0.4375,2.5,7
96,Control,2143.1750000000006,30,1,2225.975,2.1,0.3,0.4375,1.0,7
97,Control,2143.1750000000006,30,1,2225.975,2.1,0.3,0.4375,1.0,7
98,Control,2142.1750000000006,30,0,2224.975,2.1,0.3,0.4375,1.0,7
99,Control,2142.1750000000006,30,0,2224.975,2.1,0.3,0.4375,1.0,7
100,Control,2143.1750000000006,30,1,2225.975,0.7000000000000001,0.3,0.4375,3.0,7
101,Control,2143.1750000000006,30,1,2225.975,1.05,0.3,0.4375,2.0,7
102,Control,2142.1750000000006,30,0,2224.975,2.1,0.3,0.4375,1.0,7
103,Control,2143.1750000000006,30,1,2225.975,0.7000000000000001,0.3,0.4375,3.0,7
104,Control,2143.1750000000006,30,1,2225.975,1.05,0.3,0.4375,2.0,7
105,Control,2143.1750000000006,30,1,2225.975,1.05,0.3,0.4375,2.0,7
106,Control,2143.1750000000006,30,1,2225.975,0.7000000000000001,0.3,0.4375,3.0,7
107,Control,2144.1750000000006,30,2,2226.975,1.4000000000000001,0.3,0.4375,1.5,7
108,Control,2142.1750000000006,30,0,2224.975,2.1,0.3,0.4375,1.0,7
109,Control,2142.1750000000006,30,0,2224.975,2.1,0.3,0.4375,1.0,7
110,Control,2142.1750000000006,30,0,2224.975,2.1,0.3,0.4375,1.0,7
111,Control,2143.1750000000006,30,1,2225.975,2.1,0.3,0.4375,1.0,7
112,Control,2144.1750000000006,30,2,2226.975,0.8400000000000001,0.3,0.4375,2.5,7
113,Control,2143.1750000000006,30,1,2225.975,0.7000000000000001,0.3,0.4375,3.0,7
114,Control,2060.1750000000006,30,2,2141.975,1.05,0.3,0.4375,2.0,7
115,Control,2059.3750000000005,30,2,2141.975,1.2,0.3,0.5,2.0,8
116,Control,2142.1750000000006,30,0,2224.975,2.1,0.3,0.4375,1.0,7
117,Control,2057.3750000000005,30,0,2139.975,2.1,0.3,0.4375,1.0,7
118,Control,2143.1750000000006,30,1,2225.975,0.525,0.3,0.4375,4.0,7
119,Control,2142.1750000000006,30,0,2224.975,2.1,0.3,0.4375,1.0,7
120,Control,2143.1750000000006,30,1,2225.975,2.1,0.3,0.4375,1.0,7
121,Control,2143.1750000000006,30,1,2225.975,2.1,0.3,0.4375,1.0,7
122,Control,2144.1750000000006,30,2,2226.975,0.8400000000000001,0.3,0.4375,2.5,7
123,Control,2143.1750000000006,30,1,2225.975,2.1,0.3,0.4375,1.0,7
124,Control,2143.1750000000006,30,1,2225.975,0.7000000000000001,0.3,0.4375,3.0,7
125,Control,2058.3750000000005,30,1,2140.975,0.7999999999999999,0.3,0.5,3.0,8
126,Control,2142.1750000000006,30,0,2224.975,2.1,0.3,0.4375,1.0,7
127,Control,2142.1750000000006,30,0,2224.975,2.1,0.3,0.4375,1.0,7
128,Control,2144.1750000000006,30,2,2226.975,1.4000000000000001,0.3,0.4375,1.5,7
129,Control,2142.1750000000006,30,0,2224.975,2.1,0.3,0.4375,1.0,7
130,Control,2143.1750000000006,30,1,2225.975,1.05,0.3,0.4375,2.0,7
131,Control,2142.1750000000006,30,0,2224.975,2.1,0.3,0.4375,1.0,7
132,Control,2143.1750000000006,30,1,2225.975,1.05,0.3,0.4375,2.0,7
133,Control,2143.1750000000006,30,1,2225.975,0.7000000000000001,0.3,0.4375,3.0,7
134,Control,2144.1750000000006,30,2,2226.975,1.4000000000000001,0.3,0.4375,1.5,7
135,Control,2143.1750000000006,30,1,2225.975,0.7000000000000001,0.3,0.4375,3.0,7
136,Control,2143.1750000000006,30,1,2225.975,1.05,0.3,0.4375,2.0,7
137,Control,2142.1750000000006,30,0,2224.975,2.1,0.3,0.4375,1.0,7
138,Control,2144.1750000000006,30,2,2226.975,2.1,0.3,0.4375,1.0,7
139,Control,2058.3750000000005,30,1,2140.975,0.7000000000000001,0.3,0.4375,3.0,7
140,Control,2142.1750000000006,30,0,2224.975,2.1,0.3,0.4375,1.0,7
141,Control,2143.185000000001,30,1,2225.985,2.1,0.3,0.4375,1.0,7
142,Control,2142.1750000000006,30,0,2224.975,2.1,0.3,0.4375,1.0,7
143,Control,2142.1750000000006,30,0,2224.975,2.1,0.3,0.4375,1.0,7
144,Control,2142.1750000000006,30,0,2224.975,2.1,0.3,0.4375,1.0,7
145,Control,2143.1750000000006,30,1,2225.975,0.7000000000000001,0.3,0.4375,3.0,7
146,Control,2142.1750000000006,30,0,2224.975,2.1,0.3,0.4375,1.0,7
147,Control,2059.3750000000005,30,2,2141.975,1.05,0.3,0.4375,2.0,7
148,Control,2144.1750000000006,30,2,2226.975,1.4000000000000001,0.3,0.4375,1.5,7
149,Control,1548.5750000000005,30,0,1629.975,2.1,0.3,0.4375,1.0,7
150,Control,2144.1750000000006,30,2,2226.975,1.4000000000000001,0.3,0.4375,1.5,7
151,Control,2143.1750000000006,30,1,2225.975,2.1,0.3,0.4375,1.0,7
152,Control,2143.1750000000006,30,1,2225.975,2.1,0.3,0.4375,1.0,7
153,Control,2143.1750000000006,30,1,2225.975,2.1,0.3,0.4375,1.0,7
154,Control,2142.1750000000006,30,0,2224.975,2.1,0.3,0.4375,1.0,7
155,Control,2143.1750000000006,30,1,2225.975,0.7000000000000001,0.3,0.4375,3.0,7
156,Control,2142.1750000000006,30,0,2224.975,2.1,0.3,0.4375,1.0,7
157,Control,2142.1750000000006,30,0,2224.975,2.1,0.3,0.4375,1.0,7
158,Control,2142.1900000000005,30,0,2224.99,2.1,0.3,0.4375,1.0,7
159,Control,2144.1900000000005,30,2,2226.99,1.4000000000000001,0.3,0.4375,1.5,7
160,Control,2143.1750000000006,30,1,2225.975,1.05,0.3,0.4375,2.0,7
161,Control,2058.390000000001,30,1,2140.99,1.2,0.3,0.5,2.0,8
162,Control,2057.390000000001,30,0,2139.99,2.1,0.3,0.4375,1.0,7
163,Control,2145.1750000000006,30,3,2227.975,1.26,0.3,0.4375,1.6666666666666667,7
164,Control,2143.1750000000006,30,1,2225.975,0.7000000000000001,0.3,0.4375,3.0,7
165,Control,2059.3750000000005,30,2,2141.975,1.4000000000000001,0.3,0.4375,1.5,7
166,Control,2143.1900000000005,30,1,2225.99,2.1,0.3,0.4375,1.0,7
167,Control,21.36,30,1,100.96,0.7999999999999999,0.3,0.5,3.0,8
168,Control,790.7900000000001,30,7,871.99,2.0999999999999996,0.3,0.5625,1.2857142857142858,9
169,Control,2143.1750000000006,30,1,2225.975,1.05,0.3,0.4375,2.0,7
170,Control,2144.1900000000005,30,2,2226.99,0.7000000000000001,0.3,0.4375,3.0,7
171,Control,1125.39,30,2,1206.99,0.8400000000000001,0.3,0.4375,2.5,7
172,Control,2058.1900000000005,30,1,2140.99,0.525,0.3,0.4375,4.0,7
173,Control,2143.2000000000007,30,1,2226.0,2.1,0.3,0.4375,1.0,7
174,Control,1294.2000000000003,30,1,1376.0,2.1,0.3,0.4375,1.0,7
175,Control,2142.1900000000005,30,0,2224.99,2.1,0.3,0.4375,1.0,7
176,Control,2143.1750000000006,30,1,2225.975,1.05,0.3,0.4375,2.0,7
177,Control,2144.2000000000007,30,2,2227.0,1.05,0.3,0.4375,2.0,7
178,Control,2143.2000000000007,30,1,2226.0,2.1,0.3,0.4375,1.0,7
179,Control,2142.1750000000006,30,0,2224.975,2.1,0.3,0.4375,1.0,7
180,Control,2142.2000000000007,30,0,2225.0,2.1,0.3,0.4375,1.0,7
181,Control,2143.2000000000007,30,1,2226.0,1.05,0.3,0.4375,2.0,7
182,Control,2143.1750000000006,30,1,2225.975,0.7000000000000001,0.3,0.4375,3.0,7
183,Control,2143.2000000000007,30,1,2226.0,0.7000000000000001,0.3,0.4375,3.0,7
184,Control,2142.1900000000005,30,0,2224.99,2.1,0.3,0.4375,1.0,7
185,Control,2142.1900000000005,30,0,2224.99,2.1,0.3,0.4375,1.0,7
186,Control,2143.2000000000007,30,1,2226.0,2.1,0.3,0.4375,1.0,7
187,Control,2143.1900000000005,30,1,2225.99,2.1,0.3,0.4375,1.0,7
188,Control,2057.3750000000005,30,0,2139.975,2.1,0.3,0.4375,1.0,7
189,Control,2142.1900000000005,30,0,2224.99,2.1,0.3,0.4375,1.0,7
190,Control,2143.1750000000006,30,1,2225.975,1.05,0.3,0.4375,2.0,7
191,Control,2142.1750000000006,30,0,2224.975,2.1,0.3,0.4375,1.0,7
192,Control,2143.1900000000005,30,1,2225.99,0.7000000000000001,0.3,0.4375,3.0,7
193,Control,2058.3750000000005,30,1,2140.975,2.1,0.3,0.4375,1.0,7
194,Control,2144.1750000000006,30,2,2226.975,1.05,0.3,0.4375,2.0,7
195,Control,2058.3750000000005,30,1,2140.975,1.2,0.3,0.5,2.0,8
196,Control,2144.1750000000006,30,2,2226.975,1.4000000000000001,0.3,0.4375,1.5,7
197,Control,2142.1900000000005,30,0,2224.99,2.1,0.3,0.4375,1.0,7
198,Control,2142.1750000000006,30,0,2224.975,2.1,0.3,0.4375,1.0,7
199,Control,2143.1750000000006,30,1,2225.975,1.05,0.3,0.4375,2.0,7
200,Control,2143.1750000000006,30,1,2225.975,1.05,0.3,0.4375,2.0,7
201,Control,2144.1750000000006,30,2,2226.975,1.4000000000000001,0.3,0.4375,1.5,7
202,Control,2143.1900000000005,30,1,2225.99,0.525,0.3,0.4375,4.0,7
203,Control,2143.1900000000005,30,1,2225.99,0.7000000000000001,0.3,0.4375,3.0,7
204,Control,2143.2000000000007,30,1,2226.0,2.1,0.3,0.4375,1.0,7
205,Control,2143.2000000000007,30,1,2226.0,0.525,0.3,0.4375,4.0,7
206,Control,2142.1900000000005,30,0,2224.99,2.1,0.3,0.4375,1.0,7
207,Control,1973.3650000000007,30,1,2055.965,1.2,0.3,0.5,2.0,8
208,Control,2144.2000000000007,30,2,2227.0,0.8400000000000001,0.3,0.4375,2.5,7
209,Control,2144.2000000000007,30,2,2227.0,0.8400000000000001,0.3,0.4375,2.5,7
210,Control,2144.1900000000005,30,2,2226.99,0.6,0.3,0.4375,3.5,7
211,Control,2143.1900000000005,30,1,2225.99,0.7000000000000001,0.3,0.4375,3.0,7
212,Control,2142.2000000000007,30,0,2225.0,2.1,0.3,0.4375,1.0,7
213,Control,2143.1900000000005,30,1,2225.99,0.525,0.3,0.4375,4.0,7
214,Control,2142.1900000000005,30,0,2224.99,2.1,0.3,0.4375,1.0,7
215,Control,2143.2000000000007,30,1,2226.0,2.1,0.3,0.4375,1.0,7
216,Control,2143.1900000000005,30,1,2225.99,2.1,0.3,0.4375,1.0,7
217,Control,1887.6000000000006,30,0,1970.0,2.1,0.3,0.4375,1.0,7
218,Control,2142.2000000000007,30,0,2225.0,2.1,0.3,0.4375,1.0,7
219,Control,2145.2000000000007,30,3,2228.0,1.05,0.3,0.4375,2.0,7
220,Control,2143.1750000000006,30,1,2225.975,0.7000000000000001,0.3,0.4375,3.0,7
221,Control,2144.1750000000006,30,2,2226.975,1.4000000000000001,0.3,0.4375,1.5,7
222,Control,2143.1750000000006,30,1,2225.975,2.1,0.3,0.4375,1.0,7
223,Control,1973.3600000000006,30,1,2055.96,0.7999999999999999,0.3,0.5,3.0,8
224,Control,2143.1750000000006,30,1,2225.975,0.7000000000000001,0.3,0.4375,3.0,7
225,Control,2144.1750000000006,30,2,2226.975,1.4000000000000001,0.3,0.4375,1.5,7
226,Control,2143.1900000000005,30,1,2225.99,2.1,0.3,0.4375,1.0,7
227,Control,2144.1900000000005,30,2,2226.99,0.6,0.3,0.4375,3.5,7
228,Control,2144.1900000000005,30,2,2226.99,0.8400000000000001,0.3,0.4375,2.5,7
229,Control,2142.1750000000006,30,0,2224.975,2.1,0.3,0.4375,1.0,7
230,Control,2058.3750000000005,30,1,2140.975,0.7999999999999999,0.3,0.5,3.0,8
231,Control,2143.1900000000005,30,1,2225.99,1.05,0.3,0.4375,2.0,7
232,Control,2143.1900000000005,30,1,2225.99,1.05,0.3,0.4375,2.0,7
233,Control,2059.4000000000005,30,2,2142.0,1.5999999999999999,0.3,0.5,1.5,8
234,Control,2058.4000000000005,30,1,2141.0,2.1,0.3,0.4375,1.0,7
235,Control,2143.2000000000007,30,1,2226.0,0.7000000000000001,0.3,0.4375,3.0,7
236,Control,2057.390000000001,30,0,2139.99,2.1,0.3,0.4375,1.0,7
237,Control,2143.2000000000007,30,1,2226.0,2.1,0.3,0.4375,1.0,7
238,Control,2143.2000000000007,30,1,2226.0,1.05,0.3,0.4375,2.0,7
239,Control,2144.2000000000007,30,2,2227.0,0.8400000000000001,0.3,0.4375,2.5,7
240,Control,2143.1900000000005,30,1,2225.99,0.525,0.3,0.4375,4.0,7
241,Control,2142.1900000000005,30,0,2224.99,2.1,0.3,0.4375,1.0,7
242,Control,2142.1900000000005,30,0,2224.99,2.1,0.3,0.4375,1.0,7
243,Control,2144.2000000000007,30,2,2227.0,1.4000000000000001,0.3,0.4375,1.5,7
244,Control,2144.2000000000007,30,2,2227.0,0.8400000000000001,0.3,0.4375,2.5,7
245,Control,2142.2000000000007,30,0,2225.0,2.1,0.3,0.4375,1.0,7
246,Control,2144.2000000000007,30,2,2227.0,0.8400000000000001,0.3,0.4375,2.5,7
247,Control,2143.1900000000005,30,1,2225.99,0.525,0.3,0.4375,4.0,7
248,Control,2142.2000000000007,30,0,2225.0,2.1,0.3,0.4375,1.0,7
249,Control,2142.2000000000007,30,0,2225.0,2.1,0.3,0.4375,1.0,7
250,Control,2143.1900000000005,30,1,2225.99,2.1,0.3,0.4375,1.0,7
251,Control,2142.2000000000007,30,0,2225.0,2.1,0.3,0.4375,1.0,7
252,Control,2144.2000000000007,30,2,2227.0,2.1,0.3,0.4375,1.0,7
253,Control,2143.2000000000007,30,1,2226.0,0.525,0.3,0.4375,4.0,7
254,Control,2142.1900000000005,30,0,2224.99,2.1,0.3,0.4375,1.0,7
255,Control,2143.2000000000007,30,1,2226.0,2.1,0.3,0.4375,1.0,7
256,Control,2142.2000000000007,30,0,2225.0,2.1,0.3,0.4375,1.0,7
257,Control,2057.4000000000005,30,0,2140.0,2.4,0.3,0.5,1.0,8
258,Control,2143.2000000000007,30,1,2226.0,1.05,0.3,0.4375,2.0,7
259,Control,2142.2000000000007,30,0,2225.0,2.1,0.3,0.4375,1.0,7
260,Control,2142.2000000000007,30,0,2225.0,2.1,0.3,0.4375,1.0,7
261,Control,2142.2000000000007,30,0,2225.0,2.1,0.3,0.4375,1.0,7
262,Control,2143.2000000000007,30,1,2226.0,2.1,0.3,0.4375,1.0,7
263,Control,2142.2000000000007,30,0,2225.0,2.1,0.3,0.4375,1.0,7
264,Control,2058.4000000000005,30,1,2141.0,2.4,0.3,0.5,1.0,8
265,Control,2144.2000000000007,30,2,2227.0,1.05,0.3,0.4375,2.0,7
266,Control,2142.2000000000007,30,0,2225.0,2.1,0.3,0.4375,1.0,7
267,Control,2144.2000000000007,30,2,2227.0,1.4000000000000001,0.3,0.4375,1.5,7
268,Control,2143.2000000000007,30,1,2226.0,0.525,0.3,0.4375,4.0,7
269,Control,2143.2000000000007,30,1,2226.0,0.525,0.3,0.4375,4.0,7
270,Control,2143.2000000000007,30,1,2226.0,2.1,0.3,0.4375,1.0,7
271,Control,2143.2000000000007,30,1,2226.0,1.05,0.3,0.4375,2.0,7
272,Control,2143.2000000000007,30,1,2226.0,1.05,0.3,0.4375,2.0,7
273,Control,2142.2000000000007,30,0,2225.0,2.1,0.3,0.4375,1.0,7
274,Control,1973.3900000000006,30,1,2055.99,2.4,0.3,0.5,1.0,8
275,Control,2142.2000000000007,30,0,2225.0,2.1,0.3,0.4375,1.0,7
276,Control,2143.2000000000007,30,1,2226.0,2.1,0.3,0.4375,1.0,7
277,Control,2143.2000000000007,30,1,2226.0,2.1,0.3,0.4375,1.0,7
278,Control,2058.4000000000005,30,1,2141.0,1.2,0.3,0.5,2.0,8
279,Control,2143.2000000000007,30,1,2226.0,1.05,0.3,0.4375,2.0,7
280,Control,2058.4000000000005,30,1,2141.0,1.05,0.3,0.4375,2.0,7
281,Control,2143.2000000000007,30,1,2226.0,1.05,0.3,0.4375,2.0,7
282,Control,2142.2000000000007,30,0,2225.0,2.1,0.3,0.4375,1.0,7
283,Control,2142.2000000000007,30,0,2225.0,2.1,0.3,0.4375,1.0,7
284,Control,2142.2000000000007,30,0,2225.0,2.1,0.3,0.4375,1.0,7
285,Control,2143.2000000000007,30,1,2226.0,2.1,0.3,0.4375,1.0,7
286,Control,2142.1900000000005,30,0,2224.99,2.1,0.3,0.4375,1.0,7
287,Control,2144.2000000000007,30,2,2227.0,0.6,0.3,0.4375,3.5,7
288,Control,2143.2000000000007,30,1,2226.0,2.1,0.3,0.4375,1.0,7
289,Control,2143.2000000000007,30,1,2226.0,2.1,0.3,0.4375,1.0,7
290,Control,2144.2000000000007,30,2,2227.0,0.7000000000000001,0.3,0.4375,3.0,7
291,Control,2143.2000000000007,30,1,2226.0,0.7000000000000001,0.3,0.4375,3.0,7
292,Control,2142.2000000000007,30,0,2225.0,2.1,0.3,0.4375,1.0,7
293,Control,2143.2000000000007,30,1,2226.0,2.1,0.3,0.4375,1.0,7
294,Control,2143.2000000000007,30,1,2226.0,2.1,0.3,0.4375,1.0,7
295,Control,2142.2000000000007,30,0,2225.0,2.1,0.3,0.4375,1.0,7
296,Control,1974.4000000000005,30,2,2057.0,0.96,0.3,0.5,2.5,8
297,Control,2144.2000000000007,30,2,2227.0,0.8400000000000001,0.3,0.4375,2.5,7
298,Control,2143.2000000000007,30,1,2226.0,0.7000000000000001,0.3,0.4375,3.0,7
299,Control,2143.2000000000007,30,1,2226.0,1.05,0.3,0.4375,2.0,7
300,Control,2142.2000000000007,30,0,2225.0,2.1,0.3,0.4375,1.0,7
