total_reward_env,total_reward_shaped,steps_to_goal,goal_reached,deaths_starvation,deaths_tripwire,resources_collected,tripwires_triggered,episode,shaping_scale,stage,episodes_in_stage,success_rate_last_25,transition_triggered,epsilon,seed
15.090000000000002,15.090000000000002,30,0,0,0,0,15,0,0.0,0,1,,0,0.8603841919146962,161718
16.07,16.07,30,0,0,0,1,11,1,0.0,0,2,,0,0.7402609576967045,161718
14.589999999999998,14.589999999999998,30,0,0,0,0,7,2,0.0,0,3,,0,0.6369088258938781,161718
10.839999999999998,10.839999999999998,16,0,0,0,1,6,3,0.0,0,4,,0,0.5878229785513479,161718
18.71,18.71,30,0,0,0,3,7,4,0.0,0,5,,0,0.5057535983897912,161718
18.23,18.23,30,0,0,0,2,5,5,0.0,0,6,,0,0.4351424010585501,161718
12.669999999999998,12.669999999999998,9,0,0,0,0,4,6,0.0,0,7,,0,0.4159480862733536,161718
16.619999999999997,16.619999999999997,30,0,0,0,0,8,7,0.0,0,8,,0,0.3578751580867638,161718
16.07,16.07,30,0,0,0,1,11,8,0.0,0,9,,0,0.3079101286968243,161718
16.03,16.03,30,0,0,0,1,17,9,0.0,0,10,,0,0.2649210072611673,161718
17.299999999999997,17.299999999999997,30,0,0,0,1,10,10,0.0,0,11,,0,0.22793384675362674,161718
16.700000000000003,16.700000000000003,30,0,0,0,1,9,11,0.0,0,12,,0,0.19611067854912728,161718
15.839999999999998,15.839999999999998,30,0,0,0,0,5,12,0.0,0,13,,0,0.16873052768933355,161718
14.469999999999997,14.469999999999997,30,0,0,0,0,3,13,0.0,0,14,,0,0.1451730787173275,161718
15.269999999999998,15.269999999999998,30,0,0,0,0,3,14,0.0,0,15,,0,0.12490462201997637,161718
15.449999999999998,15.449999999999998,30,0,0,0,0,4,15,0.0,0,16,,0,0.10746596228306791,161718
16.63,16.63,30,0,0,0,1,16,16,0.0,0,17,,0,0.09246201511725258,161718
16.419999999999998,16.419999999999998,30,0,0,0,0,7,17,0.0,0,18,,0,0.07955285615946175,161718
13.719999999999999,13.719999999999999,6,0,0,0,0,1,18,0.0,0,19,,0,0.07719590465791494,161718
15.789999999999997,15.789999999999997,30,0,0,0,1,1,19,0.0,0,20,,0,0.06641813604822402,161718
16.31,16.31,30,0,0,0,0,18,20,0.0,0,21,,0,0.05714511431233153,161718
16.939999999999998,16.939999999999998,30,0,0,0,1,5,21,0.0,0,22,,0,0.04916675299948831,161718
15.090000000000002,15.090000000000002,30,0,0,0,0,20,22,0.0,0,23,,0,0.04230229704853423,161718
16.24,16.24,30,0,0,0,0,5,23,0.0,0,24,,0,0.036396227662238566,161718
16.369999999999997,16.369999999999997,30,0,0,0,0,12,24,0.0,0,25,,0,0.03131473892591842,161718
17.35,17.35,30,0,0,0,2,14,25,0.0,0,26,,0,0.02694270634579598,161718
15.249999999999998,15.249999999999998,30,0,0,0,0,4,26,0.0,0,27,,0,0.023181078627322618,161718
14.219999999999999,14.219999999999999,6,0,0,0,1,1,27,0.0,0,28,,0,0.022494281437179946,161718
13.719999999999999,13.719999999999999,6,0,0,0,0,1,28,0.0,0,29,,0,0.021827832324362372,161718
15.249999999999998,15.249999999999998,30,0,0,0,0,4,29,0.0,0,30,,0,0.018780321875645996,161718
16.74,16.74,30,0,0,0,1,5,30,0.0,0,31,,0,0.01615829206087557,161718
13.309999999999999,13.309999999999999,7,0,0,0,0,1,31,0.0,0,32,,0,0.015601164601953134,161718
15.589999999999998,15.589999999999998,30,0,0,0,1,1,32,0.0,0,33,,0,0.013422995398979608,161718
15.089999999999998,15.089999999999998,30,0,0,0,0,1,33,0.0,0,34,,0,0.01154893304942575,161718
12.899999999999999,12.899999999999999,8,0,0,0,0,1,34,0.0,0,35,,0,0.011094979641301777,161718
16.61,16.61,30,0,0,0,0,8,35,0.0,0,36,,0,0.01,161718
4.999999999999998,4.999999999999998,27,0,0,0,0,13,36,0.0,0,37,,0,0.01,161718
15.249999999999998,15.249999999999998,30,0,0,0,0,4,37,0.0,0,38,,0,0.01,161718
17.89,17.89,30,0,0,0,1,11,38,0.0,0,39,,0,0.01,161718
15.249999999999998,15.249999999999998,30,0,0,0,0,4,39,0.0,0,40,,0,0.01,161718
15.050000000000002,15.050000000000002,30,0,0,0,0,24,40,0.0,0,41,,0,0.01,161718
15.749999999999998,15.749999999999998,30,0,0,0,1,4,41,0.0,0,42,,0,0.01,161718
15.089999999999998,15.089999999999998,30,0,0,0,0,1,42,0.0,0,43,,0,0.01,161718
13.719999999999999,13.719999999999999,6,0,0,0,0,1,43,0.0,0,44,,0,0.01,161718
16.86,16.86,30,0,0,0,1,14,44,0.0,0,45,,0,0.01,161718
14.219999999999999,14.219999999999999,6,0,0,0,1,1,45,0.0,0,46,,0,0.01,161718
13.719999999999999,13.719999999999999,6,0,0,0,0,1,46,0.0,0,47,,0,0.01,161718
13.719999999999999,13.719999999999999,6,0,0,0,0,1,47,0.0,0,48,,0,0.01,161718
16.38,16.38,30,0,0,0,0,11,48,0.0,0,49,,0,0.01,161718
15.089999999999998,15.089999999999998,30,0,0,0,0,1,49,0.0,0,50,,0,0.01,161718
13.719999999999999,13.719999999999999,6,0,0,0,0,1,50,0.0,0,51,,0,0.01,161718
13.729999999999999,13.729999999999999,6,0,0,0,0,1,51,0.0,0,52,,0,0.01,161718
13.719999999999999,13.719999999999999,6,0,0,0,0,1,52,0.0,0,53,,0,0.01,161718
13.709999999999999,13.709999999999999,6,0,0,0,0,3,53,0.0,0,54,,0,0.01,161718
13.709999999999999,13.709999999999999,6,0,0,0,0,3,54,0.0,0,55,,0,0.01,161718
16.29,16.29,30,0,0,0,0,21,55,0.0,0,56,,0,0.01,161718
13.719999999999999,13.719999999999999,6,0,0,0,0,1,56,0.0,0,57,,0,0.01,161718
13.719999999999999,13.719999999999999,6,0,0,0,0,1,57,0.0,0,58,,0,0.01,161718
14.219999999999999,14.219999999999999,6,0,0,0,1,1,58,0.0,0,59,,0,0.01,161718
13.719999999999999,13.719999999999999,6,0,0,0,0,1,59,0.0,0,60,,0,0.01,161718
14.219999999999999,14.219999999999999,6,0,0,0,1,1,60,0.0,0,61,,0,0.01,161718
15.759999999999998,15.759999999999998,30,0,0,0,1,3,61,0.0,0,62,,0,0.01,161718
16.43,16.43,30,0,0,0,0,7,62,0.0,0,63,,0,0.01,161718
13.719999999999999,13.719999999999999,6,0,0,0,0,1,63,0.0,0,64,,0,0.01,161718
13.709999999999999,13.709999999999999,6,0,0,0,0,2,64,0.0,0,65,,0,0.01,161718
13.729999999999999,13.729999999999999,6,0,0,0,0,1,65,0.0,0,66,,0,0.01,161718
16.419999999999998,16.419999999999998,30,0,0,0,0,8,66,0.0,0,67,,0,0.01,161718
15.439999999999998,15.439999999999998,30,0,0,0,0,4,67,0.0,0,68,,0,0.01,161718
14.229999999999999,14.229999999999999,6,0,0,0,1,1,68,0.0,0,69,,0,0.01,161718
16.919999999999998,16.919999999999998,30,0,0,0,1,7,69,0.0,0,70,,0,0.01,161718
14.219999999999999,14.219999999999999,6,0,0,0,1,1,70,0.0,0,71,,0,0.01,161718
13.729999999999999,13.729999999999999,6,0,0,0,0,1,71,0.0,0,72,,0,0.01,161718
13.729999999999999,13.729999999999999,6,0,0,0,0,1,72,0.0,0,73,,0,0.01,161718
13.729999999999999,13.729999999999999,6,0,0,0,0,1,73,0.0,0,74,,0,0.01,161718
13.729999999999999,13.729999999999999,6,0,0,0,0,1,74,0.0,0,75,,0,0.01,161718
13.719999999999999,13.719999999999999,6,0,0,0,0,1,75,0.0,0,76,,0,0.01,161718
13.719999999999999,13.719999999999999,6,0,0,0,0,1,76,0.0,0,77,,0,0.01,161718
13.09,13.09,8,0,0,0,0,2,77,0.0,0,78,,0,0.01,161718
13.719999999999999,13.719999999999999,6,0,0,0,0,1,78,0.0,0,79,,0,0.01,161718
16.419999999999998,16.419999999999998,30,0,0,0,0,7,79,0.0,0,80,,0,0.01,161718
13.719999999999999,13.719999999999999,6,0,0,0,0,1,80,0.0,0,81,,0,0.01,161718
13.1,13.1,8,0,0,0,0,1,81,0.0,0,82,,0,0.01,161718
14.229999999999999,14.229999999999999,6,0,0,0,1,1,82,0.0,0,83,,0,0.01,161718
14.679999999999998,14.679999999999998,30,0,0,0,0,2,83,0.0,0,84,,0,0.01,161718
16.449999999999996,16.449999999999996,30,0,0,0,0,5,84,0.0,0,85,,0,0.01,161718
13.719999999999999,13.719999999999999,6,0,0,0,0,1,85,0.0,0,86,,0,0.01,161718
16.259999999999998,16.259999999999998,30,0,0,0,0,4,86,0.0,0,87,,0,0.01,161718
13.729999999999999,13.729999999999999,6,0,0,0,0,1,87,0.0,0,88,,0,0.01,161718
13.309999999999999,13.309999999999999,7,0,0,0,0,2,88,0.0,0,89,,0,0.01,161718
13.729999999999999,13.729999999999999,6,0,0,0,0,1,89,0.0,0,90,,0,0.01,161718
13.719999999999999,13.719999999999999,6,0,0,0,0,1,90,0.0,0,91,,0,0.01,161718
13.719999999999999,13.719999999999999,6,0,0,0,0,1,91,0.0,0,92,,0,0.01,161718
13.719999999999999,13.719999999999999,6,0,0,0,0,1,92,0.0,0,93,,0,0.01,161718
13.719999999999999,13.719999999999999,6,0,0,0,0,1,93,0.0,0,94,,0,0.01,161718
13.719999999999999,13.719999999999999,6,0,0,0,0,1,94,0.0,0,95,,0,0.01,161718
13.719999999999999,13.719999999999999,6,0,0,0,0,1,95,0.0,0,96,,0,0.01,161718
13.719999999999999,13.719999999999999,6,0,0,0,0,1,96,0.0,0,97,,0,0.01,161718
13.719999999999999,13.719999999999999,6,0,0,0,0,1,97,0.0,0,98,,0,0.01,161718
14.219999999999999,14.219999999999999,6,0,0,0,1,1,98,0.0,0,99,,0,0.01,161718
13.719999999999999,13.719999999999999,6,0,0,0,0,1,99,0.0,0,100,,1,0.01,161718
14.219999999999999,-8.280000000000001,6,0,0,0,1,1,100,0.25,1,1,,0,0.01,161718
13.709999999999999,-36.29,6,0,0,0,0,2,101,0.25,1,2,,0,0.01,161718
13.729999999999999,-11.270000000000003,6,0,0,0,0,1,102,0.25,1,3,,0,0.01,161718
13.729999999999999,-11.270000000000003,6,0,0,0,0,1,103,0.25,1,4,,0,0.01,161718
13.729999999999999,-11.270000000000003,6,0,0,0,0,1,104,0.25,1,5,,0,0.01,161718
14.479999999999999,-35.519999999999996,30,0,0,0,0,2,105,0.25,1,6,,0,0.01,161718
16.35,-358.6500000000001,30,0,0,0,0,15,106,0.25,1,7,,0,0.01,161718
13.719999999999999,-11.280000000000001,6,0,0,0,0,1,107,0.25,1,8,,0,0.01,161718
13.699999999999998,13.699999999999998,30,0,0,0,0,0,108,0.25,1,9,,0,0.01,161718
16.419999999999998,-158.57999999999996,30,0,0,0,0,7,109,0.25,1,10,,0,0.01,161718
13.309999999999999,-11.690000000000001,7,0,0,0,0,1,110,0.25,1,11,,0,0.01,161718
14.219999999999999,-8.280000000000001,6,0,0,0,1,1,111,0.25,1,12,,0,0.01,161718
16.81,-183.19,30,0,0,0,0,8,112,0.25,1,13,,0,0.01,161718
13.699999999999998,13.699999999999998,30,0,0,0,0,0,113,0.25,1,14,,0,0.01,161718
15.75,-81.74999999999994,30,0,0,0,1,4,114,0.25,1,15,,0,0.01,161718
13.699999999999998,13.699999999999998,30,0,0,0,0,0,115,0.25,1,16,,0,0.01,161718
13.699999999999998,13.699999999999998,30,0,0,0,0,0,116,0.25,1,17,,0,0.01,161718
10.849999999999998,-14.150000000000002,13,0,0,0,0,1,117,0.25,1,18,,0,0.01,161718
13.729999999999999,-11.270000000000003,6,0,0,0,0,1,118,0.25,1,19,,0,0.01,161718
15.069999999999997,-59.92999999999991,30,0,0,0,0,3,119,0.25,1,20,,0,0.01,161718
13.699999999999998,13.699999999999998,30,0,0,0,0,0,120,0.25,1,21,,0,0.01,161718
13.699999999999998,13.699999999999998,30,0,0,0,0,0,121,0.25,1,22,,0,0.01,161718
13.699999999999998,13.699999999999998,30,0,0,0,0,0,122,0.25,1,23,,0,0.01,161718
9.629999999999999,-15.370000000000005,16,0,0,0,0,1,123,0.25,1,24,,0,0.01,161718
13.699999999999998,13.699999999999998,30,0,0,0,0,0,124,0.25,1,25,,0,0.01,161718
13.699999999999998,13.699999999999998,30,0,0,0,0,0,125,0.25,1,26,,0,0.01,161718
13.699999999999998,13.699999999999998,30,0,0,0,0,0,126,0.25,1,27,,0,0.01,161718
13.699999999999998,13.699999999999998,30,0,0,0,0,0,127,0.25,1,28,,0,0.01,161718
14.659999999999998,-60.339999999999975,30,0,0,0,0,3,128,0.25,1,29,,0,0.01,161718
13.699999999999998,13.699999999999998,30,0,0,0,0,0,129,0.25,1,30,,0,0.01,161718
13.699999999999998,13.699999999999998,30,0,0,0,0,0,130,0.25,1,31,,0,0.01,161718
13.699999999999998,13.699999999999998,30,0,0,0,0,0,131,0.25,1,32,,0,0.01,161718
13.699999999999998,13.699999999999998,30,0,0,0,0,0,132,0.25,1,33,,0,0.01,161718
13.699999999999998,13.699999999999998,30,0,0,0,0,0,133,0.25,1,34,,0,0.01,161718
13.999999999999998,-236.00000000000037,30,0,0,0,0,10,134,0.25,1,35,,0,0.01,161718
13.699999999999998,13.699999999999998,30,0,0,0,0,0,135,0.25,1,36,,0,0.01,161718
10.45,-14.550000000000004,14,0,0,0,0,1,136,0.25,1,37,,0,0.01,161718
13.699999999999998,13.699999999999998,30,0,0,0,0,0,137,0.25,1,38,,0,0.01,161718
13.699999999999998,13.699999999999998,30,0,0,0,0,0,138,0.25,1,39,,0,0.01,161718
13.699999999999998,13.699999999999998,30,0,0,0,0,0,139,0.25,1,40,,0,0.01,161718
14.659999999999997,-60.33999999999993,30,0,0,0,0,3,140,0.25,1,41,,0,0.01,161718
13.699999999999998,13.699999999999998,30,0,0,0,0,0,141,0.25,1,42,,0,0.01,161718
5.519999999999994,-19.480000000000004,26,0,0,0,0,1,142,0.25,1,43,,0,0.01,161718
13.889999999999997,-11.10999999999996,30,0,0,0,0,1,143,0.25,1,44,,0,0.01,161718
13.699999999999998,13.699999999999998,30,0,0,0,0,0,144,0.25,1,45,,0,0.01,161718
13.699999999999998,13.699999999999998,30,0,0,0,0,0,145,0.25,1,46,,0,0.01,161718
13.699999999999998,13.699999999999998,30,0,0,0,0,0,146,0.25,1,47,,0,0.01,161718
13.699999999999998,13.699999999999998,30,0,0,0,0,0,147,0.25,1,48,,0,0.01,161718
13.699999999999998,13.699999999999998,30,0,0,0,0,0,148,0.25,1,49,,0,0.01,161718
13.699999999999998,13.699999999999998,30,0,0,0,0,0,149,0.25,1,50,,0,0.01,161718
13.699999999999998,13.699999999999998,30,0,0,0,0,0,150,0.25,1,51,,0,0.01,161718
13.699999999999998,13.699999999999998,30,0,0,0,0,0,151,0.25,1,52,,0,0.01,161718
13.699999999999998,13.699999999999998,30,0,0,0,0,0,152,0.25,1,53,,0,0.01,161718
13.699999999999998,13.699999999999998,30,0,0,0,0,0,153,0.25,1,54,,0,0.01,161718
13.699999999999998,13.699999999999998,30,0,0,0,0,0,154,0.25,1,55,,0,0.01,161718
13.699999999999998,13.699999999999998,30,0,0,0,0,0,155,0.25,1,56,,0,0.01,161718
9.62,-15.380000000000003,16,0,0,0,0,1,156,0.25,1,57,,0,0.01,161718
13.699999999999998,13.699999999999998,30,0,0,0,0,0,157,0.25,1,58,,0,0.01,161718
13.699999999999998,13.699999999999998,30,0,0,0,0,0,158,0.25,1,59,,0,0.01,161718
12.889999999999999,-12.110000000000001,30,0,0,0,0,1,159,0.25,1,60,,0,0.01,161718
13.699999999999998,13.699999999999998,30,0,0,0,0,0,160,0.25,1,61,,0,0.01,161718
13.699999999999998,13.699999999999998,30,0,0,0,0,0,161,0.25,1,62,,0,0.01,161718
13.699999999999998,13.699999999999998,30,0,0,0,0,0,162,0.25,1,63,,0,0.01,161718
13.699999999999998,13.699999999999998,30,0,0,0,0,0,163,0.25,1,64,,0,0.01,161718
13.699999999999998,13.699999999999998,30,0,0,0,0,0,164,0.25,1,65,,0,0.01,161718
3.8799999999999937,-21.120000000000005,30,0,0,0,0,1,165,0.25,1,66,,0,0.01,161718
13.719999999999999,-11.280000000000001,6,0,0,0,0,1,166,0.25,1,67,,0,0.01,161718
13.719999999999999,-11.280000000000001,6,0,0,0,0,1,167,0.25,1,68,,0,0.01,161718
14.219999999999999,-8.280000000000001,6,0,0,0,1,1,168,0.25,1,69,,0,0.01,161718
10.529999999999998,-11.970000000000002,15,0,0,0,1,1,169,0.25,1,70,,0,0.01,161718
13.719999999999999,-11.280000000000001,6,0,0,0,0,1,170,0.25,1,71,,0,0.01,161718
11.259999999999998,-13.740000000000002,12,0,0,0,0,1,171,0.25,1,72,,0,0.01,161718
13.719999999999999,-11.280000000000001,6,0,0,0,0,1,172,0.25,1,73,,0,0.01,161718
6.339999999999996,-18.660000000000004,24,0,0,0,0,1,173,0.25,1,74,,0,0.01,161718
13.699999999999998,13.699999999999998,30,0,0,0,0,0,174,0.25,1,75,,0,0.01,161718
13.699999999999998,13.699999999999998,30,0,0,0,0,0,175,0.25,1,76,,0,0.01,161718
13.699999999999998,13.699999999999998,30,0,0,0,0,0,176,0.25,1,77,,0,0.01,161718
13.699999999999998,13.699999999999998,30,0,0,0,0,0,177,0.25,1,78,,0,0.01,161718
13.699999999999998,13.699999999999998,30,0,0,0,0,0,178,0.25,1,79,,0,0.01,161718
13.699999999999998,13.699999999999998,30,0,0,0,0,0,179,0.25,1,80,,0,0.01,161718
13.699999999999998,13.699999999999998,30,0,0,0,0,0,180,0.25,1,81,,0,0.01,161718
13.699999999999998,13.699999999999998,30,0,0,0,0,0,181,0.25,1,82,,0,0.01,161718
13.699999999999998,13.699999999999998,30,0,0,0,0,0,182,0.25,1,83,,0,0.01,161718
13.699999999999998,13.699999999999998,30,0,0,0,0,0,183,0.25,1,84,,0,0.01,161718
13.699999999999998,13.699999999999998,30,0,0,0,0,0,184,0.25,1,85,,0,0.01,161718
13.699999999999998,13.699999999999998,30,0,0,0,0,0,185,0.25,1,86,,0,0.01,161718
13.719999999999999,-11.280000000000001,6,0,0,0,0,1,186,0.25,1,87,,0,0.01,161718
14.219999999999999,-8.280000000000001,6,0,0,0,1,1,187,0.25,1,88,,0,0.01,161718
14.219999999999999,-8.280000000000001,6,0,0,0,1,1,188,0.25,1,89,,0,0.01,161718
13.699999999999998,13.699999999999998,30,0,0,0,0,0,189,0.25,1,90,,0,0.01,161718
13.699999999999998,13.699999999999998,30,0,0,0,0,0,190,0.25,1,91,,0,0.01,161718
13.699999999999998,13.699999999999998,30,0,0,0,0,0,191,0.25,1,92,,0,0.01,161718
13.699999999999998,13.699999999999998,30,0,0,0,0,0,192,0.25,1,93,,0,0.01,161718
13.699999999999998,13.699999999999998,30,0,0,0,0,0,193,0.25,1,94,,0,0.01,161718
13.699999999999998,13.699999999999998,30,0,0,0,0,0,194,0.25,1,95,,0,0.01,161718
13.699999999999998,13.699999999999998,30,0,0,0,0,0,195,0.25,1,96,,0,0.01,161718
13.699999999999998,13.699999999999998,30,0,0,0,0,0,196,0.25,1,97,,0,0.01,161718
11.669999999999998,-13.330000000000002,11,0,0,0,0,1,197,0.25,1,98,,0,0.01,161718
13.699999999999998,13.699999999999998,30,0,0,0,0,0,198,0.25,1,99,,0,0.01,161718
13.699999999999998,13.699999999999998,30,0,0,0,0,0,199,0.25,1,100,,1,0.01,161718
13.699999999999998,13.699999999999998,30,0,0,0,0,0,200,0.5,2,1,,0,0.01,161718
13.699999999999998,13.699999999999998,30,0,0,0,0,0,201,0.5,2,2,,0,0.01,161718
13.699999999999998,13.699999999999998,30,0,0,0,0,0,202,0.5,2,3,,0,0.01,161718
13.699999999999998,13.699999999999998,30,0,0,0,0,0,203,0.5,2,4,,0,0.01,161718
13.699999999999998,13.699999999999998,30,0,0,0,0,0,204,0.5,2,5,,0,0.01,161718
13.699999999999998,13.699999999999998,30,0,0,0,0,0,205,0.5,2,6,,0,0.01,161718
13.699999999999998,13.699999999999998,30,0,0,0,0,0,206,0.5,2,7,,0,0.01,161718
13.699999999999998,13.699999999999998,30,0,0,0,0,0,207,0.5,2,8,,0,0.01,161718
13.699999999999998,13.699999999999998,30,0,0,0,0,0,208,0.5,2,9,,0,0.01,161718
13.719999999999999,-36.28,6,0,0,0,0,1,209,0.5,2,10,,0,0.01,161718
13.699999999999998,13.699999999999998,30,0,0,0,0,0,210,0.5,2,11,,0,0.01,161718
13.699999999999998,13.699999999999998,30,0,0,0,0,0,211,0.5,2,12,,0,0.01,161718
13.699999999999998,13.699999999999998,30,0,0,0,0,0,212,0.5,2,13,,0,0.01,161718
13.699999999999998,13.699999999999998,30,0,0,0,0,0,213,0.5,2,14,,0,0.01,161718
13.699999999999998,13.699999999999998,30,0,0,0,0,0,214,0.5,2,15,,0,0.01,161718
13.699999999999998,13.699999999999998,30,0,0,0,0,0,215,0.5,2,16,,0,0.01,161718
13.699999999999998,13.699999999999998,30,0,0,0,0,0,216,0.5,2,17,,0,0.01,161718
13.699999999999998,13.699999999999998,30,0,0,0,0,0,217,0.5,2,18,,0,0.01,161718
13.699999999999998,13.699999999999998,30,0,0,0,0,0,218,0.5,2,19,,0,0.01,161718
13.699999999999998,13.699999999999998,30,0,0,0,0,0,219,0.5,2,20,,0,0.01,161718
13.699999999999998,13.699999999999998,30,0,0,0,0,0,220,0.5,2,21,,0,0.01,161718
13.699999999999998,13.699999999999998,30,0,0,0,0,0,221,0.5,2,22,,0,0.01,161718
13.699999999999998,13.699999999999998,30,0,0,0,0,0,222,0.5,2,23,,0,0.01,161718
13.699999999999998,13.699999999999998,30,0,0,0,0,0,223,0.5,2,24,,0,0.01,161718
13.699999999999998,13.699999999999998,30,0,0,0,0,0,224,0.5,2,25,,0,0.01,161718
13.699999999999998,13.699999999999998,30,0,0,0,0,0,225,0.5,2,26,,0,0.01,161718
10.16,-189.84,16,0,0,0,0,4,226,0.5,2,27,,0,0.01,161718
13.699999999999998,13.699999999999998,30,0,0,0,0,0,227,0.5,2,28,,0,0.01,161718
13.699999999999998,13.699999999999998,30,0,0,0,0,0,228,0.5,2,29,,0,0.01,161718
6.339999999999996,-43.660000000000004,24,0,0,0,0,1,229,0.5,2,30,,0,0.01,161718
13.699999999999998,13.699999999999998,30,0,0,0,0,0,230,0.5,2,31,,0,0.01,161718
13.719999999999999,-36.28,6,0,0,0,0,1,231,0.5,2,32,,0,0.01,161718
13.699999999999998,13.699999999999998,30,0,0,0,0,0,232,0.5,2,33,,0,0.01,161718
13.699999999999998,13.699999999999998,30,0,0,0,0,0,233,0.5,2,34,,0,0.01,161718
13.699999999999998,13.699999999999998,30,0,0,0,0,0,234,0.5,2,35,,0,0.01,161718
13.699999999999998,13.699999999999998,30,0,0,0,0,0,235,0.5,2,36,,0,0.01,161718
13.699999999999998,13.699999999999998,30,0,0,0,0,0,236,0.5,2,37,,0,0.01,161718
13.699999999999998,13.699999999999998,30,0,0,0,0,0,237,0.5,2,38,,0,0.01,161718
13.699999999999998,13.699999999999998,30,0,0,0,0,0,238,0.5,2,39,,0,0.01,161718
13.699999999999998,13.699999999999998,30,0,0,0,0,0,239,0.5,2,40,,0,0.01,161718
13.699999999999998,13.699999999999998,30,0,0,0,0,0,240,0.5,2,41,,0,0.01,161718
13.699999999999998,13.699999999999998,30,0,0,0,0,0,241,0.5,2,42,,0,0.01,161718
13.699999999999998,13.699999999999998,30,0,0,0,0,0,242,0.5,2,43,,0,0.01,161718
13.699999999999998,13.699999999999998,30,0,0,0,0,0,243,0.5,2,44,,0,0.01,161718
3.8799999999999937,-46.120000000000005,30,0,0,0,0,1,244,0.5,2,45,,0,0.01,161718
13.699999999999998,13.699999999999998,30,0,0,0,0,0,245,0.5,2,46,,0,0.01,161718
13.699999999999998,13.699999999999998,30,0,0,0,0,0,246,0.5,2,47,,0,0.01,161718
13.699999999999998,13.699999999999998,30,0,0,0,0,0,247,0.5,2,48,,0,0.01,161718
13.699999999999998,13.699999999999998,30,0,0,0,0,0,248,0.5,2,49,,0,0.01,161718
5.929999999999994,-44.07,25,0,0,0,0,1,249,0.5,2,50,,0,0.01,161718
13.699999999999998,13.699999999999998,30,0,0,0,0,0,250,0.5,2,51,,0,0.01,161718
13.699999999999998,13.699999999999998,30,0,0,0,0,0,251,0.5,2,52,,0,0.01,161718
6.749999999999998,-43.25,23,0,0,0,0,1,252,0.5,2,53,,0,0.01,161718
13.699999999999998,13.699999999999998,30,0,0,0,0,0,253,0.5,2,54,,0,0.01,161718
13.699999999999998,13.699999999999998,30,0,0,0,0,0,254,0.5,2,55,,0,0.01,161718
13.699999999999998,13.699999999999998,30,0,0,0,0,0,255,0.5,2,56,,0,0.01,161718
13.699999999999998,13.699999999999998,30,0,0,0,0,0,256,0.5,2,57,,0,0.01,161718
13.699999999999998,13.699999999999998,30,0,0,0,0,0,257,0.5,2,58,,0,0.01,161718
13.699999999999998,13.699999999999998,30,0,0,0,0,0,258,0.5,2,59,,0,0.01,161718
13.699999999999998,13.699999999999998,30,0,0,0,0,0,259,0.5,2,60,,0,0.01,161718
13.699999999999998,13.699999999999998,30,0,0,0,0,0,260,0.5,2,61,,0,0.01,161718
13.699999999999998,13.699999999999998,30,0,0,0,0,0,261,0.5,2,62,,0,0.01,161718
13.699999999999998,13.699999999999998,30,0,0,0,0,0,262,0.5,2,63,,0,0.01,161718
13.699999999999998,13.699999999999998,30,0,0,0,0,0,263,0.5,2,64,,0,0.01,161718
13.699999999999998,13.699999999999998,30,0,0,0,0,0,264,0.5,2,65,,0,0.01,161718
13.699999999999998,13.699999999999998,30,0,0,0,0,0,265,0.5,2,66,,0,0.01,161718
13.699999999999998,13.699999999999998,30,0,0,0,0,0,266,0.5,2,67,,0,0.01,161718
13.699999999999998,13.699999999999998,30,0,0,0,0,0,267,0.5,2,68,,0,0.01,161718
13.699999999999998,13.699999999999998,30,0,0,0,0,0,268,0.5,2,69,,0,0.01,161718
13.699999999999998,13.699999999999998,30,0,0,0,0,0,269,0.5,2,70,,0,0.01,161718
13.699999999999998,13.699999999999998,30,0,0,0,0,0,270,0.5,2,71,,0,0.01,161718
13.699999999999998,13.699999999999998,30,0,0,0,0,0,271,0.5,2,72,,0,0.01,161718
13.699999999999998,13.699999999999998,30,0,0,0,0,0,272,0.5,2,73,,0,0.01,161718
14.889999999999997,-35.11,30,0,0,0,0,1,273,0.5,2,74,,0,0.01,161718
13.699999999999998,13.699999999999998,30,0,0,0,0,0,274,0.5,2,75,,0,0.01,161718
13.699999999999998,13.699999999999998,30,0,0,0,0,0,275,0.5,2,76,,0,0.01,161718
13.699999999999998,13.699999999999998,30,0,0,0,0,0,276,0.5,2,77,,0,0.01,161718
13.699999999999998,13.699999999999998,30,0,0,0,0,0,277,0.5,2,78,,0,0.01,161718
16.189999999999998,-28.81,30,0,0,0,1,1,278,0.5,2,79,,0,0.01,161718
13.699999999999998,13.699999999999998,30,0,0,0,0,0,279,0.5,2,80,,0,0.01,161718
14.489999999999995,-35.510000000000005,30,0,0,0,0,1,280,0.5,2,81,,0,0.01,161718
13.699999999999998,13.699999999999998,30,0,0,0,0,0,281,0.5,2,82,,0,0.01,161718
7.5699999999999985,-42.43,21,0,0,0,0,1,282,0.5,2,83,,0,0.01,161718
13.699999999999998,13.699999999999998,30,0,0,0,0,0,283,0.5,2,84,,0,0.01,161718
13.699999999999998,13.699999999999998,30,0,0,0,0,0,284,0.5,2,85,,0,0.01,161718
13.699999999999998,13.699999999999998,30,0,0,0,0,0,285,0.5,2,86,,0,0.01,161718
13.699999999999998,13.699999999999998,30,0,0,0,0,0,286,0.5,2,87,,0,0.01,161718
3.8799999999999937,-46.120000000000005,30,0,0,0,0,1,287,0.5,2,88,,0,0.01,161718
13.699999999999998,13.699999999999998,30,0,0,0,0,0,288,0.5,2,89,,0,0.01,161718
13.699999999999998,13.699999999999998,30,0,0,0,0,0,289,0.5,2,90,,0,0.01,161718
13.699999999999998,13.699999999999998,30,0,0,0,0,0,290,0.5,2,91,,0,0.01,161718
13.699999999999998,13.699999999999998,30,0,0,0,0,0,291,0.5,2,92,,0,0.01,161718
13.699999999999998,13.699999999999998,30,0,0,0,0,0,292,0.5,2,93,,0,0.01,161718
13.699999999999998,13.699999999999998,30,0,0,0,0,0,293,0.5,2,94,,0,0.01,161718
13.699999999999998,13.699999999999998,30,0,0,0,0,0,294,0.5,2,95,,0,0.01,161718
13.699999999999998,13.699999999999998,30,0,0,0,0,0,295,0.5,2,96,,0,0.01,161718
16.289999999999996,-33.70999999999995,30,0,0,0,0,1,296,0.5,2,97,,0,0.01,161718
13.699999999999998,13.699999999999998,30,0,0,0,0,0,297,0.5,2,98,,0,0.01,161718
13.699999999999998,13.699999999999998,30,0,0,0,0,0,298,0.5,2,99,,0,0.01,161718
13.699999999999998,13.699999999999998,30,0,0,0,0,0,299,0.5,2,100,,1,0.01,161718
13.699999999999998,13.699999999999998,30,0,0,0,0,0,300,0.75,3,1,,0,0.01,161718
13.699999999999998,13.699999999999998,30,0,0,0,0,0,301,0.75,3,2,,0,0.01,161718
13.699999999999998,13.699999999999998,30,0,0,0,0,0,302,0.75,3,3,,0,0.01,161718
13.699999999999998,13.699999999999998,30,0,0,0,0,0,303,0.75,3,4,,0,0.01,161718
13.699999999999998,13.699999999999998,30,0,0,0,0,0,304,0.75,3,5,,0,0.01,161718
16.97,-125.52999999999999,30,0,0,0,1,2,305,0.75,3,6,,0,0.01,161718
13.699999999999998,13.699999999999998,30,0,0,0,0,0,306,0.75,3,7,,0,0.01,161718
13.699999999999998,13.699999999999998,30,0,0,0,0,0,307,0.75,3,8,,0,0.01,161718
13.699999999999998,13.699999999999998,30,0,0,0,0,0,308,0.75,3,9,,0,0.01,161718
13.699999999999998,13.699999999999998,30,0,0,0,0,0,309,0.75,3,10,,0,0.01,161718
13.699999999999998,13.699999999999998,30,0,0,0,0,0,310,0.75,3,11,,0,0.01,161718
13.699999999999998,13.699999999999998,30,0,0,0,0,0,311,0.75,3,12,,0,0.01,161718
13.699999999999998,13.699999999999998,30,0,0,0,0,0,312,0.75,3,13,,0,0.01,161718
13.699999999999998,13.699999999999998,30,0,0,0,0,0,313,0.75,3,14,,0,0.01,161718
10.939999999999998,-56.55999999999998,14,0,0,0,1,1,314,0.75,3,15,,0,0.01,161718
14.989999999999998,-52.50999999999995,30,0,0,0,1,1,315,0.75,3,16,,0,0.01,161718
13.699999999999998,13.699999999999998,30,0,0,0,0,0,316,0.75,3,17,,0,0.01,161718
13.699999999999998,13.699999999999998,30,0,0,0,0,0,317,0.75,3,18,,0,0.01,161718
13.699999999999998,13.699999999999998,30,0,0,0,0,0,318,0.75,3,19,,0,0.01,161718
13.699999999999998,13.699999999999998,30,0,0,0,0,0,319,0.75,3,20,,0,0.01,161718
13.699999999999998,13.699999999999998,30,0,0,0,0,0,320,0.75,3,21,,0,0.01,161718
14.09,-60.91,30,0,0,0,0,1,321,0.75,3,22,,0,0.01,161718
13.699999999999998,13.699999999999998,30,0,0,0,0,0,322,0.75,3,23,,0,0.01,161718
13.699999999999998,13.699999999999998,30,0,0,0,0,0,323,0.75,3,24,,0,0.01,161718
13.699999999999998,13.699999999999998,30,0,0,0,0,0,324,0.75,3,25,,0,0.01,161718
13.699999999999998,13.699999999999998,30,0,0,0,0,0,325,0.75,3,26,,0,0.01,161718
13.699999999999998,13.699999999999998,30,0,0,0,0,0,326,0.75,3,27,,0,0.01,161718
13.699999999999998,13.699999999999998,30,0,0,0,0,0,327,0.75,3,28,,0,0.01,161718
13.699999999999998,13.699999999999998,30,0,0,0,0,0,328,0.75,3,29,,0,0.01,161718
13.699999999999998,13.699999999999998,30,0,0,0,0,0,329,0.75,3,30,,0,0.01,161718
13.699999999999998,13.699999999999998,30,0,0,0,0,0,330,0.75,3,31,,0,0.01,161718
13.699999999999998,13.699999999999998,30,0,0,0,0,0,331,0.75,3,32,,0,0.01,161718
13.699999999999998,13.699999999999998,30,0,0,0,0,0,332,0.75,3,33,,0,0.01,161718
13.699999999999998,13.699999999999998,30,0,0,0,0,0,333,0.75,3,34,,0,0.01,161718
13.699999999999998,13.699999999999998,30,0,0,0,0,0,334,0.75,3,35,,0,0.01,161718
13.699999999999998,13.699999999999998,30,0,0,0,0,0,335,0.75,3,36,,0,0.01,161718
15.27,-209.72999999999996,30,0,0,0,0,3,336,0.75,3,37,,0,0.01,161718
15.589999999999996,-51.90999999999994,30,0,0,0,1,1,337,0.75,3,38,,0,0.01,161718
13.699999999999998,13.699999999999998,30,0,0,0,0,0,338,0.75,3,39,,0,0.01,161718
13.699999999999998,13.699999999999998,30,0,0,0,0,0,339,0.75,3,40,,0,0.01,161718
13.699999999999998,13.699999999999998,30,0,0,0,0,0,340,0.75,3,41,,0,0.01,161718
5.109999999999994,-69.88999999999999,27,0,0,0,0,1,341,0.75,3,42,,0,0.01,161718
13.699999999999998,13.699999999999998,30,0,0,0,0,0,342,0.75,3,43,,0,0.01,161718
14.989999999999997,-52.509999999999934,30,0,0,0,1,1,343,0.75,3,44,,0,0.01,161718
13.699999999999998,13.699999999999998,30,0,0,0,0,0,344,0.75,3,45,,0,0.01,161718
13.699999999999998,13.699999999999998,30,0,0,0,0,0,345,0.75,3,46,,0,0.01,161718
13.699999999999998,13.699999999999998,30,0,0,0,0,0,346,0.75,3,47,,0,0.01,161718
13.699999999999998,13.699999999999998,30,0,0,0,0,0,347,0.75,3,48,,0,0.01,161718
13.699999999999998,13.699999999999998,30,0,0,0,0,0,348,0.75,3,49,,0,0.01,161718
13.699999999999998,13.699999999999998,30,0,0,0,0,0,349,0.75,3,50,,0,0.01,161718
13.699999999999998,13.699999999999998,30,0,0,0,0,0,350,0.75,3,51,,0,0.01,161718
13.699999999999998,13.699999999999998,30,0,0,0,0,0,351,0.75,3,52,,0,0.01,161718
13.699999999999998,13.699999999999998,30,0,0,0,0,0,352,0.75,3,53,,0,0.01,161718
13.699999999999998,13.699999999999998,30,0,0,0,0,0,353,0.75,3,54,,0,0.01,161718
13.699999999999998,13.699999999999998,30,0,0,0,0,0,354,0.75,3,55,,0,0.01,161718
13.699999999999998,13.699999999999998,30,0,0,0,0,0,355,0.75,3,56,,0,0.01,161718
13.699999999999998,13.699999999999998,30,0,0,0,0,0,356,0.75,3,57,,0,0.01,161718
13.699999999999998,13.699999999999998,30,0,0,0,0,0,357,0.75,3,58,,0,0.01,161718
13.699999999999998,13.699999999999998,30,0,0,0,0,0,358,0.75,3,59,,0,0.01,161718
13.699999999999998,13.699999999999998,30,0,0,0,0,0,359,0.75,3,60,,0,0.01,161718
13.699999999999998,13.699999999999998,30,0,0,0,0,0,360,0.75,3,61,,0,0.01,161718
13.699999999999998,13.699999999999998,30,0,0,0,0,0,361,0.75,3,62,,0,0.01,161718
13.699999999999998,13.699999999999998,30,0,0,0,0,0,362,0.75,3,63,,0,0.01,161718
13.699999999999998,13.699999999999998,30,0,0,0,0,0,363,0.75,3,64,,0,0.01,161718
12.889999999999999,-62.11,30,0,0,0,0,1,364,0.75,3,65,,0,0.01,161718
13.699999999999998,13.699999999999998,30,0,0,0,0,0,365,0.75,3,66,,0,0.01,161718
13.699999999999998,13.699999999999998,30,0,0,0,0,0,366,0.75,3,67,,0,0.01,161718
13.699999999999998,13.699999999999998,30,0,0,0,0,0,367,0.75,3,68,,0,0.01,161718
8.799999999999999,-66.19999999999999,18,0,0,0,0,1,368,0.75,3,69,,0,0.01,161718
13.079999999999998,-61.92,30,0,0,0,0,1,369,0.75,3,70,,0,0.01,161718
14.289999999999996,-60.70999999999998,30,0,0,0,0,1,370,0.75,3,71,,0,0.01,161718
13.699999999999998,13.699999999999998,30,0,0,0,0,0,371,0.75,3,72,,0,0.01,161718
13.699999999999998,13.699999999999998,30,0,0,0,0,0,372,0.75,3,73,,0,0.01,161718
13.699999999999998,13.699999999999998,30,0,0,0,0,0,373,0.75,3,74,,0,0.01,161718
13.699999999999998,13.699999999999998,30,0,0,0,0,0,374,0.75,3,75,,0,0.01,161718
13.699999999999998,13.699999999999998,30,0,0,0,0,0,375,0.75,3,76,,0,0.01,161718
13.699999999999998,13.699999999999998,30,0,0,0,0,0,376,0.75,3,77,,0,0.01,161718
13.699999999999998,13.699999999999998,30,0,0,0,0,0,377,0.75,3,78,,0,0.01,161718
13.699999999999998,13.699999999999998,30,0,0,0,0,0,378,0.75,3,79,,0,0.01,161718
13.699999999999998,13.699999999999998,30,0,0,0,0,0,379,0.75,3,80,,0,0.01,161718
13.699999999999998,13.699999999999998,30,0,0,0,0,0,380,0.75,3,81,,0,0.01,161718
13.699999999999998,13.699999999999998,30,0,0,0,0,0,381,0.75,3,82,,0,0.01,161718
13.699999999999998,13.699999999999998,30,0,0,0,0,0,382,0.75,3,83,,0,0.01,161718
14.289999999999997,-60.709999999999894,30,0,0,0,0,1,383,0.75,3,84,,0,0.01,161718
13.699999999999998,13.699999999999998,30,0,0,0,0,0,384,0.75,3,85,,0,0.01,161718
13.699999999999998,13.699999999999998,30,0,0,0,0,0,385,0.75,3,86,,0,0.01,161718
13.699999999999998,13.699999999999998,30,0,0,0,0,0,386,0.75,3,87,,0,0.01,161718
13.699999999999998,13.699999999999998,30,0,0,0,0,0,387,0.75,3,88,,0,0.01,161718
13.699999999999998,13.699999999999998,30,0,0,0,0,0,388,0.75,3,89,,0,0.01,161718
13.699999999999998,13.699999999999998,30,0,0,0,0,0,389,0.75,3,90,,0,0.01,161718
13.699999999999998,13.699999999999998,30,0,0,0,0,0,390,0.75,3,91,,0,0.01,161718
13.699999999999998,13.699999999999998,30,0,0,0,0,0,391,0.75,3,92,,0,0.01,161718
13.699999999999998,13.699999999999998,30,0,0,0,0,0,392,0.75,3,93,,0,0.01,161718
13.699999999999998,13.699999999999998,30,0,0,0,0,0,393,0.75,3,94,,0,0.01,161718
13.699999999999998,13.699999999999998,30,0,0,0,0,0,394,0.75,3,95,,0,0.01,161718
13.699999999999998,13.699999999999998,30,0,0,0,0,0,395,0.75,3,96,,0,0.01,161718
13.699999999999998,13.699999999999998,30,0,0,0,0,0,396,0.75,3,97,,0,0.01,161718
14.289999999999997,-60.70999999999991,30,0,0,0,0,1,397,0.75,3,98,,0,0.01,161718
13.699999999999998,13.699999999999998,30,0,0,0,0,0,398,0.75,3,99,,0,0.01,161718
13.699999999999998,13.699999999999998,30,0,0,0,0,0,399,0.75,3,100,,1,0.01,161718
13.699999999999998,13.699999999999998,30,0,0,0,0,0,400,1.0,4,1,,0,0.01,161718
13.699999999999998,13.699999999999998,30,0,0,0,0,0,401,1.0,4,2,,0,0.01,161718
13.699999999999998,13.699999999999998,30,0,0,0,0,0,402,1.0,4,3,,0,0.01,161718
13.699999999999998,13.699999999999998,30,0,0,0,0,0,403,1.0,4,4,,0,0.01,161718
13.699999999999998,13.699999999999998,30,0,0,0,0,0,404,1.0,4,5,,0,0.01,161718
13.699999999999998,13.699999999999998,30,0,0,0,0,0,405,1.0,4,6,,0,0.01,161718
13.699999999999998,13.699999999999998,30,0,0,0,0,0,406,1.0,4,7,,0,0.01,161718
13.699999999999998,13.699999999999998,30,0,0,0,0,0,407,1.0,4,8,,0,0.01,161718
13.699999999999998,13.699999999999998,30,0,0,0,0,0,408,1.0,4,9,,0,0.01,161718
13.699999999999998,13.699999999999998,30,0,0,0,0,0,409,1.0,4,10,,0,0.01,161718
13.699999999999998,13.699999999999998,30,0,0,0,0,0,410,1.0,4,11,,0,0.01,161718
13.699999999999998,13.699999999999998,30,0,0,0,0,0,411,1.0,4,12,,0,0.01,161718
13.699999999999998,13.699999999999998,30,0,0,0,0,0,412,1.0,4,13,,0,0.01,161718
13.699999999999998,13.699999999999998,30,0,0,0,0,0,413,1.0,4,14,,0,0.01,161718
13.699999999999998,13.699999999999998,30,0,0,0,0,0,414,1.0,4,15,,0,0.01,161718
13.699999999999998,13.699999999999998,30,0,0,0,0,0,415,1.0,4,16,,0,0.01,161718
13.699999999999998,13.699999999999998,30,0,0,0,0,0,416,1.0,4,17,,0,0.01,161718
13.699999999999998,13.699999999999998,30,0,0,0,0,0,417,1.0,4,18,,0,0.01,161718
13.699999999999998,13.699999999999998,30,0,0,0,0,0,418,1.0,4,19,,0,0.01,161718
13.699999999999998,13.699999999999998,30,0,0,0,0,0,419,1.0,4,20,,0,0.01,161718
14.489999999999997,-85.50999999999995,30,0,0,0,0,1,420,1.0,4,21,,0,0.01,161718
13.699999999999998,13.699999999999998,30,0,0,0,0,0,421,1.0,4,22,,0,0.01,161718
13.699999999999998,13.699999999999998,30,0,0,0,0,0,422,1.0,4,23,,0,0.01,161718
13.699999999999998,13.699999999999998,30,0,0,0,0,0,423,1.0,4,24,,0,0.01,161718
13.699999999999998,13.699999999999998,30,0,0,0,0,0,424,1.0,4,25,,0,0.01,161718
13.699999999999998,13.699999999999998,30,0,0,0,0,0,425,1.0,4,26,,0,0.01,161718
13.699999999999998,13.699999999999998,30,0,0,0,0,0,426,1.0,4,27,,0,0.01,161718
13.699999999999998,13.699999999999998,30,0,0,0,0,0,427,1.0,4,28,,0,0.01,161718
13.699999999999998,13.699999999999998,30,0,0,0,0,0,428,1.0,4,29,,0,0.01,161718
14.489999999999997,-85.50999999999992,30,0,0,0,0,1,429,1.0,4,30,,0,0.01,161718
13.699999999999998,13.699999999999998,30,0,0,0,0,0,430,1.0,4,31,,0,0.01,161718
13.699999999999998,13.699999999999998,30,0,0,0,0,0,431,1.0,4,32,,0,0.01,161718
13.699999999999998,13.699999999999998,30,0,0,0,0,0,432,1.0,4,33,,0,0.01,161718
13.699999999999998,13.699999999999998,30,0,0,0,0,0,433,1.0,4,34,,0,0.01,161718
13.769999999999998,-276.2299999999999,30,0,0,0,1,3,434,1.0,4,35,,0,0.01,161718
6.429999999999994,-83.57,25,0,0,0,1,1,435,1.0,4,36,,0,0.01,161718
13.699999999999998,13.699999999999998,30,0,0,0,0,0,436,1.0,4,37,,0,0.01,161718
13.699999999999998,13.699999999999998,30,0,0,0,0,0,437,1.0,4,38,,0,0.01,161718
13.699999999999998,13.699999999999998,30,0,0,0,0,0,438,1.0,4,39,,0,0.01,161718
13.699999999999998,13.699999999999998,30,0,0,0,0,0,439,1.0,4,40,,0,0.01,161718
13.699999999999998,13.699999999999998,30,0,0,0,0,0,440,1.0,4,41,,0,0.01,161718
13.699999999999998,13.699999999999998,30,0,0,0,0,0,441,1.0,4,42,,0,0.01,161718
13.699999999999998,13.699999999999998,30,0,0,0,0,0,442,1.0,4,43,,0,0.01,161718
13.699999999999998,13.699999999999998,30,0,0,0,0,0,443,1.0,4,44,,0,0.01,161718
13.699999999999998,13.699999999999998,30,0,0,0,0,0,444,1.0,4,45,,0,0.01,161718
13.699999999999998,13.699999999999998,30,0,0,0,0,0,445,1.0,4,46,,0,0.01,161718
13.699999999999998,13.699999999999998,30,0,0,0,0,0,446,1.0,4,47,,0,0.01,161718
13.699999999999998,13.699999999999998,30,0,0,0,0,0,447,1.0,4,48,,0,0.01,161718
13.699999999999998,13.699999999999998,30,0,0,0,0,0,448,1.0,4,49,,0,0.01,161718
12.750000000000002,-1487.2500000000002,30,0,0,0,0,15,449,1.0,4,50,,0,0.01,161718
14.789999999999997,-75.20999999999992,30,0,0,0,1,1,450,1.0,4,51,,0,0.01,161718
13.699999999999998,13.699999999999998,30,0,0,0,0,0,451,1.0,4,52,,0,0.01,161718
14.289999999999996,-85.70999999999997,30,0,0,0,0,1,452,1.0,4,53,,0,0.01,161718
13.699999999999998,13.699999999999998,30,0,0,0,0,0,453,1.0,4,54,,0,0.01,161718
13.699999999999998,13.699999999999998,30,0,0,0,0,0,454,1.0,4,55,,0,0.01,161718
14.479999999999999,-85.51999999999998,30,0,0,0,0,1,455,1.0,4,56,,0,0.01,161718
13.699999999999998,13.699999999999998,30,0,0,0,0,0,456,1.0,4,57,,0,0.01,161718
9.209999999999999,-90.78999999999999,17,0,0,0,0,1,457,1.0,4,58,,0,0.01,161718
14.989999999999998,-75.00999999999996,30,0,0,0,1,1,458,1.0,4,59,,0,0.01,161718
13.699999999999998,13.699999999999998,30,0,0,0,0,0,459,1.0,4,60,,0,0.01,161718
13.699999999999998,13.699999999999998,30,0,0,0,0,0,460,1.0,4,61,,0,0.01,161718
13.699999999999998,13.699999999999998,30,0,0,0,0,0,461,1.0,4,62,,0,0.01,161718
13.699999999999998,13.699999999999998,30,0,0,0,0,0,462,1.0,4,63,,0,0.01,161718
13.699999999999998,13.699999999999998,30,0,0,0,0,0,463,1.0,4,64,,0,0.01,161718
13.699999999999998,13.699999999999998,30,0,0,0,0,0,464,1.0,4,65,,0,0.01,161718
13.699999999999998,13.699999999999998,30,0,0,0,0,0,465,1.0,4,66,,0,0.01,161718
13.699999999999998,13.699999999999998,30,0,0,0,0,0,466,1.0,4,67,,0,0.01,161718
13.699999999999998,13.699999999999998,30,0,0,0,0,0,467,1.0,4,68,,0,0.01,161718
13.699999999999998,13.699999999999998,30,0,0,0,0,0,468,1.0,4,69,,0,0.01,161718
13.699999999999998,13.699999999999998,30,0,0,0,0,0,469,1.0,4,70,,0,0.01,161718
13.699999999999998,13.699999999999998,30,0,0,0,0,0,470,1.0,4,71,,0,0.01,161718
13.699999999999998,13.699999999999998,30,0,0,0,0,0,471,1.0,4,72,,0,0.01,161718
8.799999999999999,-91.19999999999999,18,0,0,0,0,1,472,1.0,4,73,,0,0.01,161718
13.699999999999998,13.699999999999998,30,0,0,0,0,0,473,1.0,4,74,,0,0.01,161718
13.699999999999998,13.699999999999998,30,0,0,0,0,0,474,1.0,4,75,,0,0.01,161718
13.699999999999998,13.699999999999998,30,0,0,0,0,0,475,1.0,4,76,,0,0.01,161718
7.5699999999999985,-92.42999999999998,21,0,0,0,0,1,476,1.0,4,77,,0,0.01,161718
13.699999999999998,13.699999999999998,30,0,0,0,0,0,477,1.0,4,78,,0,0.01,161718
13.699999999999998,13.699999999999998,30,0,0,0,0,0,478,1.0,4,79,,0,0.01,161718
13.699999999999998,13.699999999999998,30,0,0,0,0,0,479,1.0,4,80,,0,0.01,161718
13.699999999999998,13.699999999999998,30,0,0,0,0,0,480,1.0,4,81,,0,0.01,161718
13.699999999999998,13.699999999999998,30,0,0,0,0,0,481,1.0,4,82,,0,0.01,161718
14.679999999999996,-185.31999999999994,30,0,0,0,0,2,482,1.0,4,83,,0,0.01,161718
13.699999999999998,13.699999999999998,30,0,0,0,0,0,483,1.0,4,84,,0,0.01,161718
13.699999999999998,13.699999999999998,30,0,0,0,0,0,484,1.0,4,85,,0,0.01,161718
13.699999999999998,13.699999999999998,30,0,0,0,0,0,485,1.0,4,86,,0,0.01,161718
13.699999999999998,13.699999999999998,30,0,0,0,0,0,486,1.0,4,87,,0,0.01,161718
14.489999999999995,-85.50999999999998,30,0,0,0,0,1,487,1.0,4,88,,0,0.01,161718
13.699999999999998,13.699999999999998,30,0,0,0,0,0,488,1.0,4,89,,0,0.01,161718
13.699999999999998,13.699999999999998,30,0,0,0,0,0,489,1.0,4,90,,0,0.01,161718
13.699999999999998,13.699999999999998,30,0,0,0,0,0,490,1.0,4,91,,0,0.01,161718
13.699999999999998,13.699999999999998,30,0,0,0,0,0,491,1.0,4,92,,0,0.01,161718
13.699999999999998,13.699999999999998,30,0,0,0,0,0,492,1.0,4,93,,0,0.01,161718
13.699999999999998,13.699999999999998,30,0,0,0,0,0,493,1.0,4,94,,0,0.01,161718
13.699999999999998,13.699999999999998,30,0,0,0,0,0,494,1.0,4,95,,0,0.01,161718
13.699999999999998,13.699999999999998,30,0,0,0,0,0,495,1.0,4,96,,0,0.01,161718
13.699999999999998,13.699999999999998,30,0,0,0,0,0,496,1.0,4,97,,0,0.01,161718
15.589999999999998,-74.40999999999994,30,0,0,0,1,1,497,1.0,4,98,,0,0.01,161718
13.699999999999998,13.699999999999998,30,0,0,0,0,0,498,1.0,4,99,,0,0.01,161718
13.699999999999998,13.699999999999998,30,0,0,0,0,0,499,1.0,4,100,,1,0.01,161718
