Episodio,Recompensa_Dqn_control,Tripwires_Dqn_control,PGF_Bruto_Avg,PGF_Costo_Avg
1,-10.0,0,-0.13928018180908375,0.52
2,-5.0,0,-0.06964009090454187,0.05
3,0.0,0,0.0,0.0
4,0.0,0,0.0,0.0
5,60.0,0,0.0,1.62
6,-5.0,0,-0.06964009090454187,0.34
7,-5.0,0,-0.06964009090454187,0.47
8,0.0,0,0.0,0.0
9,15.0,0,0.0,0.27
10,-5.0,0,-0.06964009090454187,0.3
11,0.0,0,0.0,0.0
12,105.0,0,0.0,2.58
13,345.0,0,0.0,12.24
14,30.0,0,0.0,0.09
15,65.0,0,-0.15825283993659528,0.49
16,120.0,0,0.0,1.08
17,-20.0,0,-0.2785603636181675,0.36
18,-5.0,0,-0.06964009090454187,0.49
19,-5.0,0,-0.06964009090454187,0.02
20,0.0,0,0.0,0.0
21,0.0,0,0.0,0.0
22,0.0,0,0.0,0.0
23,150.0,0,0.0,2.07
24,0.0,0,0.0,0.0
25,0.0,0,0.0,0.0
26,0.0,0,0.0,0.0
27,0.0,0,0.0,0.0
28,0.0,0,0.0,0.0
29,0.0,0,0.0,0.0
30,0.0,0,0.0,0.0
31,0.0,0,0.0,0.0
32,0.0,0,0.0,0.0
33,-10.0,0,-0.13928018180908375,0.2
34,-10.0,0,-0.13928018180908375,0.75
35,145.0,0,-0.06964009090454187,2.69
36,30.0,0,0.0,0.39
37,0.0,0,0.0,0.0
38,-5.0,0,-0.06964009090454187,0.11
39,0.0,0,0.0,0.0
40,-10.0,0,-0.13928018180908375,0.55
41,15.0,0,0.0,0.42
42,-5.0,0,-0.06964009090454187,0.02
43,-5.0,0,-0.06964009090454187,0.24
44,0.0,0,0.0,0.0
45,-15.0,0,-0.20892027271362562,0.48
46,-30.0,1,-0.47475851980978584,0.56
47,-5.0,0,-0.06964009090454187,0.43
48,-20.0,1,-0.31650567987319056,0.32
49,-5.0,0,-0.06964009090454187,0.49
50,-10.0,0,-0.13928018180908375,0.07
51,0.0,0,0.0,0.0
52,-5.0,0,-0.06964009090454187,0.05
53,-5.0,0,-0.06964009090454187,0.24
54,-5.0,0,-0.06964009090454187,0.45
55,-25.0,0,-0.3482004545227093,1.63
56,-15.0,0,-0.20892027271362562,1.17
57,-5.0,0,-0.06964009090454187,0.06
58,0.0,0,0.0,0.0
59,195.0,0,-0.22789293084113715,3.12
60,0.0,0,0.0,0.0
61,0.0,0,0.0,0.0
62,-20.0,1,-0.31650567987319056,0.36
63,-5.0,0,-0.06964009090454187,0.17
64,135.0,0,0.0,1.35
65,0.0,0,0.0,0.0
66,0.0,0,0.0,0.0
67,-15.0,0,-0.20892027271362562,0.73
68,90.0,0,0.0,0.63
69,-10.0,0,-0.13928018180908375,0.1
70,0.0,0,0.0,0.0
71,0.0,0,0.0,0.0
72,0.0,0,0.0,0.0
73,0.0,0,0.0,0.0
74,0.0,0,0.0,0.0
75,0.0,0,0.0,0.0
76,0.0,0,0.0,0.0
77,0.0,0,0.0,0.0
78,-30.0,1,-0.4557858616822743,0.9
79,-5.0,0,-0.06964009090454187,0.16
80,-5.0,0,-0.06964009090454187,0.11
81,-10.0,0,-0.13928018180908375,0.21
82,0.0,0,0.0,0.0
83,0.0,0,0.0,0.0
84,-10.0,0,-0.13928018180908375,0.54
85,-5.0,0,-0.06964009090454187,0.05
86,-10.0,0,-0.15825283993659528,0.06
87,-25.0,1,-0.38614577077773243,0.49
88,-20.0,1,-0.31650567987319056,0.72
89,-25.0,1,-0.38614577077773243,0.23
90,0.0,0,0.0,0.0
91,0.0,0,0.0,0.0
92,-5.0,0,-0.06964009090454187,0.02
93,-25.0,1,-0.38614577077773243,0.42
94,105.0,0,0.0,1.26
95,0.0,0,0.0,0.0
96,-10.0,0,-0.13928018180908375,0.53
97,-45.0,2,-0.7026514506509229,0.93
98,-5.0,0,-0.06964009090454187,0.06
99,0.0,0,0.0,0.0
100,0.0,0,0.0,0.0
101,-10.0,0,-0.13928018180908375,0.23
102,-20.0,0,-0.2785603636181675,0.79
103,-15.0,0,-0.22789293084113715,0.21
104,-35.0,1,-0.5254259525868161,1.18
105,-5.0,0,-0.06964009090454187,0.49
106,-5.0,0,-0.06964009090454187,0.07
107,135.0,0,0.0,1.35
108,-5.0,0,-0.06964009090454187,0.13
109,-5.0,0,-0.06964009090454187,0.39
110,-5.0,0,-0.06964009090454187,0.38
111,-40.0,1,-0.6330113597463811,0.92
112,-5.0,0,-0.06964009090454187,0.48
113,-5.0,0,-0.06964009090454187,0.1
114,255.0,0,0.0,4.59
115,0.0,0,0.0,0.0
116,-10.0,0,-0.13928018180908375,0.51
117,0.0,0,0.0,0.0
118,0.0,0,0.0,0.0
119,0.0,0,0.0,0.0
120,-10.0,0,-0.15825283993659528,0.36
121,-5.0,0,-0.06964009090454187,0.49
122,-5.0,0,-0.06964009090454187,0.33
123,0.0,0,0.0,0.0
124,-25.0,0,-0.38614577077773243,1.01
125,-5.0,0,-0.06964009090454187,0.11
126,90.0,0,0.0,5.13
127,10.0,0,-0.06964009090454187,0.67
128,90.0,0,0.0,0.63
129,-5.0,0,-0.06964009090454187,0.09
130,0.0,0,0.0,0.0
131,-10.0,0,-0.13928018180908375,0.84
132,0.0,0,0.0,0.0
133,-40.0,2,-0.6330113597463811,0.56
134,0.0,0,0.0,0.0
135,-15.0,0,-0.22789293084113715,0.18
136,-10.0,0,-0.13928018180908375,0.47
137,-10.0,0,-0.13928018180908375,0.48
138,0.0,0,0.0,0.0
139,0.0,0,0.0,0.0
140,-60.0,2,-0.9305443814920602,1.5
141,0.0,0,0.0,0.0
142,-5.0,0,-0.06964009090454187,0.14
143,-5.0,0,-0.06964009090454187,0.37
144,-20.0,0,-0.31650567987319056,0.46
145,15.0,0,0.0,0.06
146,135.0,0,0.0,1.56
147,120.0,0,0.0,1.08
148,-5.0,0,-0.06964009090454187,0.12
149,30.0,0,0.0,0.81
150,110.0,0,-0.15825283993659528,0.99
151,-20.0,0,-0.31650567987319056,0.08
152,-5.0,0,-0.06964009090454187,0.38
153,-10.0,0,-0.13928018180908375,0.94
154,-40.0,1,-0.6330113597463811,0.64
155,-5.0,0,-0.06964009090454187,0.45
156,495.0,0,0.0,17.1
157,-25.0,1,-0.38614577077773243,2.37
158,225.0,0,0.0,3.6
159,-10.0,0,-0.15825283993659528,0.16
160,-5.0,0,-0.06964009090454187,0.4
161,195.0,0,0.0,3.09
162,270.0,0,0.0,5.79
163,-5.0,0,-0.06964009090454187,0.07
164,-10.0,0,-0.13928018180908375,0.85
165,75.0,0,0.0,0.51
166,0.0,0,0.0,0.0
167,-20.0,1,-0.31650567987319056,0.56
168,-10.0,0,-0.15825283993659528,0.04
169,0.0,0,0.0,0.0
170,-5.0,0,-0.06964009090454187,0.24
171,-20.0,0,-0.2785603636181675,0.92
172,-5.0,0,-0.06964009090454187,0.47
173,-5.0,0,-0.06964009090454187,0.49
174,0.0,0,0.0,0.0
175,-10.0,0,-0.13928018180908375,0.25
176,0.0,0,0.0,0.0
177,0.0,0,0.0,0.0
178,0.0,0,0.0,0.0
179,0.0,0,0.0,0.0
180,0.0,0,0.0,0.0
181,0.0,0,0.0,0.0
182,0.0,0,0.0,0.0
183,0.0,0,0.0,0.0
184,0.0,0,0.0,0.0
185,0.0,0,0.0,0.0
186,0.0,0,0.0,0.0
187,135.0,0,0.0,2.46
188,105.0,0,0.0,0.96
189,45.0,0,0.0,0.18
190,-15.0,0,-0.20892027271362562,0.81
191,0.0,0,0.0,0.0
192,0.0,0,0.0,0.0
193,-20.0,0,-0.31650567987319056,0.36
194,75.0,0,0.0,1.26
195,-5.0,0,-0.06964009090454187,0.17
196,0.0,0,0.0,0.0
197,90.0,0,0.0,0.87
198,-10.0,0,-0.13928018180908375,0.12
199,-10.0,0,-0.13928018180908375,0.56
200,0.0,0,0.0,0.0
201,-5.0,0,-0.06964009090454187,0.04
202,270.0,0,-0.22789293084113715,14.46
203,-5.0,0,-0.06964009090454187,0.48
204,210.0,0,0.0,3.15
205,0.0,0,0.0,0.0
206,-50.0,2,-0.7912641996829763,3.76
207,-10.0,0,-0.13928018180908375,0.25
208,-35.0,0,-0.5443986107143277,1.49
209,-20.0,0,-0.31650567987319056,0.24
210,-30.0,1,-0.47475851980978584,0.38
211,0.0,0,0.0,0.0
212,-5.0,0,-0.06964009090454187,0.08
213,405.0,0,0.0,12.27
214,0.0,0,0.0,0.0
215,225.0,0,0.0,3.99
216,90.0,0,0.0,0.69
217,0.0,0,0.0,0.0
218,15.0,0,0.0,0.03
219,-5.0,0,-0.06964009090454187,0.09
220,0.0,0,0.0,0.0
221,5.0,0,-0.15825283993659528,0.07
222,0.0,0,0.0,0.0
223,0.0,0,0.0,0.0
224,0.0,0,0.0,0.0
225,0.0,0,0.0,0.0
226,0.0,0,0.0,0.0
227,-5.0,0,-0.06964009090454187,0.14
228,0.0,0,0.0,0.0
229,-40.0,2,-0.6330113597463811,1.2
230,-20.0,1,-0.31650567987319056,1.24
231,-5.0,0,-0.06964009090454187,0.01
232,20.0,0,-0.15825283993659528,0.09
233,-30.0,0,-0.41784054542725113,1.37
234,-30.0,0,-0.4557858616822743,0.36
235,-10.0,0,-0.13928018180908375,0.31
236,-40.0,2,-0.6330113597463811,0.8
237,-5.0,0,-0.06964009090454187,0.1
238,0.0,0,0.0,0.0
239,-10.0,0,-0.13928018180908375,0.58
240,0.0,0,0.0,0.0
241,0.0,0,0.0,0.0
242,0.0,0,0.0,0.0
243,-5.0,0,-0.06964009090454187,0.14
244,-5.0,0,-0.06964009090454187,0.11
245,0.0,0,0.0,0.0
246,-5.0,0,-0.06964009090454187,0.38
247,-60.0,3,-0.9495170396195717,0.48
248,0.0,0,0.0,0.0
249,165.0,0,0.0,1.98
250,-10.0,0,-0.13928018180908375,0.59
251,0.0,0,0.0,0.0
252,0.0,0,0.0,0.0
253,-5.0,0,-0.06964009090454187,0.27
254,0.0,0,0.0,0.0
255,-50.0,2,-0.7912641996829763,0.26
256,-5.0,0,-0.06964009090454187,0.19
257,-5.0,0,-0.06964009090454187,0.42
258,-60.0,2,-0.9495170396195717,1.34
259,0.0,0,0.0,0.0
260,0.0,0,0.0,0.0
261,0.0,0,0.0,0.0
262,180.0,0,0.0,2.34
263,0.0,0,0.0,0.0
264,155.0,0,-0.15825283993659528,3.19
265,0.0,0,0.0,0.0
266,30.0,0,0.0,0.12
267,0.0,0,0.0,0.0
268,0.0,0,0.0,0.0
269,-5.0,0,-0.06964009090454187,0.08
270,0.0,0,0.0,0.0
271,0.0,0,0.0,0.0
272,-20.0,0,-0.31650567987319056,0.36
273,-10.0,0,-0.13928018180908375,0.25
274,-10.0,0,-0.13928018180908375,0.48
275,0.0,0,0.0,0.0
276,0.0,0,0.0,0.0
277,-20.0,1,-0.31650567987319056,0.24
278,0.0,0,0.0,0.0
279,0.0,0,0.0,0.0
280,-20.0,0,-0.31650567987319056,0.44
281,-20.0,1,-0.31650567987319056,0.24
282,0.0,0,0.0,0.0
283,-5.0,0,-0.06964009090454187,0.16
284,-20.0,1,-0.31650567987319056,0.64
285,0.0,0,0.0,0.0
286,-20.0,1,-0.31650567987319056,1.88
287,0.0,0,0.0,0.0
288,0.0,0,0.0,0.0
289,90.0,0,0.0,0.63
290,135.0,0,0.0,1.35
291,0.0,0,0.0,0.0
292,0.0,0,0.0,0.0
293,0.0,0,0.0,0.0
294,-15.0,0,-0.20892027271362562,1.19
295,0.0,0,0.0,0.0
296,-5.0,0,-0.06964009090454187,0.24
297,0.0,0,0.0,0.0
298,-10.0,0,-0.13928018180908375,0.42
299,-5.0,0,-0.06964009090454187,0.49
300,0.0,0,0.0,0.0
301,-45.0,2,-0.7026514506509229,0.93
302,-20.0,1,-0.31650567987319056,1.24
303,-10.0,0,-0.13928018180908375,0.55
304,-20.0,0,-0.2785603636181675,0.47
305,0.0,0,0.0,0.0
306,-45.0,1,-0.7026514506509229,2.79
307,-5.0,0,-0.06964009090454187,0.42
308,0.0,0,0.0,0.0
309,0.0,0,0.0,0.0
310,-10.0,0,-0.15825283993659528,0.16
311,240.0,0,0.0,4.29
312,-10.0,0,-0.13928018180908375,0.2
313,-5.0,0,-0.06964009090454187,0.14
314,165.0,0,0.0,1.98
315,15.0,0,0.0,0.54
316,-10.0,0,-0.13928018180908375,0.92
317,-30.0,1,-0.4557858616822743,0.25
318,120.0,0,0.0,1.5
319,-20.0,1,-0.31650567987319056,0.24
320,50.0,0,-0.15825283993659528,0.86
321,0.0,0,0.0,0.0
322,-5.0,0,-0.06964009090454187,0.08
323,-5.0,0,-0.06964009090454187,0.1
324,0.0,0,0.0,0.0
325,0.0,0,0.0,0.0
326,0.0,0,0.0,0.0
327,-15.0,0,-0.20892027271362562,0.77
328,0.0,0,0.0,0.0
329,0.0,0,0.0,0.0
330,75.0,0,0.0,0.78
331,-5.0,0,-0.06964009090454187,0.14
332,0.0,0,0.0,0.0
333,0.0,0,0.0,0.0
334,-10.0,0,-0.15825283993659528,0.34
335,-30.0,0,-0.47475851980978584,0.72
336,180.0,0,0.0,2.61
337,0.0,0,0.0,0.0
338,-5.0,0,-0.06964009090454187,0.17
339,0.0,0,0.0,0.0
340,0.0,0,0.0,0.0
341,50.0,0,-0.15825283993659528,0.3
342,0.0,0,0.0,0.0
343,0.0,0,0.0,0.0
344,0.0,0,0.0,0.0
345,0.0,0,0.0,0.0
346,-10.0,0,-0.13928018180908375,0.8
347,-10.0,0,-0.13928018180908375,0.51
348,150.0,0,0.0,2.55
349,-10.0,0,-0.13928018180908375,0.08
350,0.0,0,0.0,0.0
351,75.0,0,0.0,0.45
352,330.0,0,0.0,12.87
353,0.0,0,0.0,0.0
354,-5.0,0,-0.06964009090454187,0.21
355,0.0,0,0.0,0.0
356,-15.0,0,-0.22789293084113715,0.17
357,0.0,0,0.0,0.0
358,-20.0,1,-0.31650567987319056,0.4
359,-5.0,0,-0.06964009090454187,0.47
360,205.0,0,-0.06964009090454187,3.61
361,0.0,0,0.0,0.0
362,0.0,0,0.0,0.0
363,45.0,0,0.0,0.45
364,-20.0,0,-0.31650567987319056,0.6
365,-5.0,0,-0.06964009090454187,0.41
366,-10.0,0,-0.13928018180908375,0.3
367,65.0,0,-0.15825283993659528,0.39
368,-10.0,0,-0.15825283993659528,0.02
369,-10.0,0,-0.13928018180908375,0.2
370,455.0,0,-0.15825283993659528,15.7
371,255.0,0,0.0,5.85
372,-5.0,0,-0.06964009090454187,0.1
373,-10.0,0,-0.13928018180908375,0.66
374,-40.0,1,-0.6330113597463811,1.06
375,-10.0,0,-0.13928018180908375,0.26
376,-10.0,0,-0.13928018180908375,0.52
377,-5.0,0,-0.06964009090454187,0.01
378,150.0,0,0.0,2.01
379,-10.0,0,-0.13928018180908375,0.27
380,0.0,0,0.0,0.0
381,90.0,0,-0.22789293084113715,1.24
382,-10.0,0,-0.13928018180908375,0.26
383,105.0,0,0.0,0.84
384,0.0,0,0.0,0.0
385,-5.0,0,-0.06964009090454187,0.06
386,-60.0,2,-0.9495170396195717,1.44
387,-15.0,0,-0.20892027271362562,0.84
388,0.0,0,0.0,0.0
389,90.0,0,0.0,0.63
390,-40.0,1,-0.595066043491358,1.41
391,75.0,0,0.0,0.78
392,0.0,0,0.0,0.0
393,0.0,0,0.0,0.0
394,90.0,0,0.0,0.63
395,-10.0,0,-0.13928018180908375,0.88
396,-25.0,1,-0.38614577077773243,0.81
397,0.0,0,0.0,0.0
398,150.0,0,0.0,2.64
399,-20.0,1,-0.31650567987319056,0.56
400,-5.0,0,-0.06964009090454187,0.16
401,-5.0,0,-0.06964009090454187,0.29
402,-5.0,0,-0.06964009090454187,0.49
403,0.0,0,0.0,0.0
404,-15.0,0,-0.20892027271362562,0.63
405,0.0,0,0.0,0.0
406,-5.0,0,-0.06964009090454187,0.02
407,-10.0,0,-0.13928018180908375,0.12
408,-60.0,3,-0.9495170396195717,1.68
409,240.0,0,0.0,4.32
410,-10.0,0,-0.13928018180908375,0.53
411,0.0,0,0.0,0.0
412,0.0,0,0.0,0.0
413,-20.0,0,-0.297533021745679,1.2
414,-5.0,0,-0.06964009090454187,0.49
415,0.0,0,0.0,0.0
416,0.0,0,0.0,0.0
417,-5.0,0,-0.06964009090454187,0.35
418,0.0,0,0.0,0.0
419,-5.0,0,-0.06964009090454187,0.27
420,-5.0,0,-0.06964009090454187,0.3
421,-15.0,0,-0.22789293084113715,0.53
422,-20.0,0,-0.31650567987319056,0.2
423,170.0,0,-0.15825283993659528,2.14
424,-10.0,0,-0.15825283993659528,0.46
425,-10.0,0,-0.13928018180908375,0.26
426,0.0,0,0.0,0.0
427,-5.0,0,-0.06964009090454187,0.49
428,-15.0,0,-0.20892027271362562,0.12
429,0.0,0,0.0,0.0
430,-50.0,1,-0.7722915415554649,0.94
431,-5.0,0,-0.06964009090454187,0.13
432,-5.0,0,-0.06964009090454187,0.37
433,-5.0,0,-0.06964009090454187,0.43
434,-5.0,0,-0.06964009090454187,0.13
435,-10.0,0,-0.13928018180908375,0.41
436,-25.0,0,-0.38614577077773243,0.89
437,200.0,0,-0.15825283993659528,3.17
438,0.0,0,0.0,0.0
439,0.0,0,0.0,0.0
440,-5.0,0,-0.06964009090454187,0.16
441,0.0,0,0.0,0.0
442,-10.0,0,-0.15825283993659528,0.02
443,0.0,0,0.0,0.0
444,0.0,0,0.0,0.0
445,-10.0,0,-0.15825283993659528,0.02
446,150.0,0,0.0,1.92
447,0.0,0,0.0,0.0
448,0.0,0,0.0,0.0
449,210.0,0,0.0,3.39
450,0.0,0,0.0,0.0
451,-20.0,1,-0.31650567987319056,0.48
452,0.0,0,0.0,0.0
453,-25.0,1,-0.38614577077773243,0.32
454,-5.0,0,-0.06964009090454187,0.49
455,0.0,0,0.0,0.0
456,-20.0,1,-0.31650567987319056,0.56
457,285.0,0,0.0,7.89
458,0.0,0,0.0,0.0
459,-15.0,0,-0.20892027271362562,0.34
460,0.0,0,0.0,0.0
461,45.0,0,0.0,0.18
462,-30.0,1,-0.4557858616822743,1.17
463,0.0,0,0.0,0.0
464,-5.0,0,-0.06964009090454187,0.12
465,0.0,0,0.0,0.0
466,90.0,0,0.0,1.02
467,0.0,0,0.0,0.0
468,0.0,0,0.0,0.0
469,-5.0,0,-0.06964009090454187,0.22
470,0.0,0,0.0,0.0
471,-10.0,0,-0.13928018180908375,0.23
472,-5.0,0,-0.06964009090454187,0.02
473,75.0,0,0.0,1.65
474,0.0,0,0.0,0.0
475,210.0,0,0.0,3.18
476,0.0,0,0.0,0.0
477,0.0,0,0.0,0.0
478,-25.0,1,-0.38614577077773243,0.72
479,-20.0,0,-0.31650567987319056,0.22
480,0.0,0,0.0,0.0
481,-5.0,0,-0.06964009090454187,0.31
482,-10.0,0,-0.13928018180908375,0.26
483,-20.0,0,-0.31650567987319056,0.12
484,-40.0,2,-0.6330113597463811,0.68
485,-10.0,0,-0.13928018180908375,0.65
486,-15.0,0,-0.20892027271362562,0.89
487,-20.0,1,-0.31650567987319056,0.64
488,0.0,0,0.0,0.0
489,-15.0,0,-0.20892027271362562,0.33
490,0.0,0,0.0,0.0
491,0.0,0,0.0,0.0
492,0.0,0,0.0,0.0
493,-10.0,0,-0.15825283993659528,0.16
494,-5.0,0,-0.06964009090454187,0.48
495,0.0,0,0.0,0.0
496,0.0,0,0.0,0.0
497,-10.0,0,-0.13928018180908375,0.06
498,0.0,0,0.0,0.0
499,120.0,0,0.0,1.08
500,0.0,0,0.0,0.0
501,0.0,0,0.0,0.0
502,-10.0,0,-0.15825283993659528,0.74
503,-5.0,0,-0.06964009090454187,0.21
504,-5.0,0,-0.06964009090454187,0.24
505,150.0,0,0.0,1.65
506,420.0,0,0.0,12.18
507,45.0,0,0.0,0.18
508,-10.0,0,-0.13928018180908375,0.81
509,-5.0,0,-0.06964009090454187,0.27
510,0.0,0,0.0,0.0
511,65.0,0,-0.13928018180908375,1.21
512,0.0,0,0.0,0.0
513,-5.0,0,-0.06964009090454187,0.05
514,-5.0,0,-0.06964009090454187,0.36
515,-20.0,0,-0.31650567987319056,0.64
516,-35.0,1,-0.5443986107143277,0.57
517,0.0,0,0.0,0.0
518,120.0,0,0.0,1.11
519,0.0,0,0.0,0.0
520,0.0,0,0.0,0.0
521,-40.0,1,-0.6330113597463811,1.12
522,5.0,0,-0.15825283993659528,0.07
523,-5.0,0,-0.06964009090454187,0.49
524,0.0,0,0.0,0.0
525,0.0,0,0.0,0.0
526,-20.0,0,-0.297533021745679,1.32
527,0.0,0,0.0,0.0
528,-10.0,0,-0.13928018180908375,0.64
529,-10.0,0,-0.15825283993659528,0.1
530,-5.0,0,-0.06964009090454187,0.49
531,-5.0,0,-0.06964009090454187,0.11
532,0.0,0,0.0,0.0
533,0.0,0,0.0,0.0
534,0.0,0,0.0,0.0
535,-10.0,0,-0.13928018180908375,0.09
536,0.0,0,0.0,0.0
537,70.0,0,-0.06964009090454187,0.84
538,125.0,0,-0.15825283993659528,6.3
539,30.0,0,0.0,0.75
540,0.0,0,0.0,0.0
541,-20.0,0,-0.5443986107143277,0.6
542,-5.0,0,-0.06964009090454187,0.06
543,-5.0,0,-0.06964009090454187,0.11
544,0.0,0,0.0,0.0
545,0.0,0,0.0,0.0
546,-25.0,0,-0.3482004545227093,0.99
547,165.0,0,0.0,1.98
548,-10.0,0,-0.13928018180908375,0.58
549,-5.0,0,-0.06964009090454187,0.11
550,-10.0,0,-0.13928018180908375,0.06
551,-10.0,0,-0.13928018180908375,0.37
552,-10.0,0,-0.13928018180908375,0.1
553,0.0,0,0.0,0.0
554,0.0,0,0.0,0.0
555,-5.0,0,-0.06964009090454187,0.35
556,-30.0,1,-0.47475851980978584,0.58
557,0.0,0,0.0,0.0
558,-10.0,0,-0.13928018180908375,0.94
559,-10.0,0,-0.13928018180908375,0.2
560,300.0,0,0.0,6.9
561,-10.0,0,-0.13928018180908375,0.65
562,-10.0,0,-0.13928018180908375,0.44
563,90.0,0,0.0,1.23
564,0.0,0,0.0,0.0
565,0.0,0,0.0,0.0
566,-5.0,0,-0.06964009090454187,0.48
567,120.0,0,0.0,1.08
568,0.0,0,0.0,0.0
569,-5.0,0,-0.06964009090454187,0.24
570,-5.0,0,-0.06964009090454187,0.4
571,-40.0,2,-0.6330113597463811,0.76
572,0.0,0,0.0,0.0
573,-5.0,0,-0.06964009090454187,0.48
574,-5.0,0,-0.06964009090454187,0.31
575,0.0,0,0.0,0.0
576,295.0,0,-0.06964009090454187,7.22
577,0.0,0,0.0,0.0
578,-5.0,0,-0.06964009090454187,0.11
579,0.0,0,0.0,0.0
580,0.0,0,0.0,0.0
581,-25.0,1,-0.38614577077773243,0.48
582,0.0,0,0.0,0.0
583,0.0,0,0.0,0.0
584,-5.0,0,-0.06964009090454187,0.05
585,-5.0,0,-0.06964009090454187,0.15
586,255.0,0,0.0,8.52
587,15.0,0,0.0,0.03
588,120.0,0,0.0,1.8
589,0.0,0,0.0,0.0
590,-5.0,0,-0.06964009090454187,0.09
591,-10.0,0,-0.13928018180908375,0.42
592,0.0,0,0.0,0.0
593,-5.0,0,-0.06964009090454187,0.04
594,-5.0,0,-0.06964009090454187,0.08
595,0.0,0,0.0,0.0
596,0.0,0,0.0,0.0
597,-5.0,0,-0.06964009090454187,0.44
598,0.0,0,0.0,0.0
599,0.0,0,0.0,0.0
600,0.0,0,0.0,0.0
601,105.0,0,0.0,1.47
602,-5.0,0,-0.06964009090454187,0.28
603,0.0,0,0.0,0.0
604,125.0,0,-0.38614577077773243,3.16
605,0.0,0,0.0,0.0
606,-10.0,0,-0.15825283993659528,0.16
607,0.0,0,0.0,0.0
608,-20.0,0,-0.31650567987319056,0.58
609,0.0,0,0.0,0.0
610,-10.0,0,-0.15825283993659528,0.28
611,-5.0,0,-0.06964009090454187,0.34
612,-25.0,1,-0.38614577077773243,1.15
613,0.0,0,0.0,0.0
614,0.0,0,0.0,0.0
615,-20.0,0,-0.31650567987319056,0.32
616,-20.0,0,-0.31650567987319056,0.34
617,0.0,0,0.0,0.0
618,120.0,0,0.0,1.11
619,-60.0,3,-0.9495170396195717,1.8
620,0.0,0,0.0,0.0
621,-5.0,0,-0.06964009090454187,0.33
622,-5.0,0,-0.06964009090454187,0.48
623,0.0,0,0.0,0.0
624,-5.0,0,-0.06964009090454187,0.12
625,0.0,0,0.0,0.0
626,-5.0,0,-0.06964009090454187,0.34
627,-5.0,0,-0.06964009090454187,0.25
628,0.0,0,0.0,0.0
629,175.0,0,-0.31650567987319056,6.16
630,75.0,0,0.0,0.45
631,-5.0,0,-0.06964009090454187,0.11
632,120.0,0,0.0,1.89
633,-5.0,0,-0.06964009090454187,0.34
634,0.0,0,0.0,0.0
635,-15.0,0,-0.20892027271362562,0.65
636,-5.0,0,-0.06964009090454187,0.2
637,-5.0,0,-0.06964009090454187,0.2
638,0.0,0,0.0,0.0
639,-15.0,0,-0.20892027271362562,0.84
640,40.0,0,-0.06964009090454187,1.4
641,80.0,0,-0.15825283993659528,1.93
642,0.0,0,0.0,0.0
643,-20.0,1,-0.31650567987319056,0.76
644,0.0,0,0.0,0.0
645,0.0,0,0.0,0.0
646,0.0,0,0.0,0.0
647,-5.0,0,-0.06964009090454187,0.13
648,0.0,0,0.0,0.0
649,60.0,0,-0.22789293084113715,1.98
650,30.0,0,0.0,0.09
651,0.0,0,0.0,0.0
652,-15.0,0,-0.20892027271362562,0.69
653,0.0,0,0.0,0.0
654,0.0,0,0.0,0.0
655,-10.0,0,-0.13928018180908375,0.81
656,0.0,0,0.0,0.0
657,-10.0,0,-0.13928018180908375,0.33
658,0.0,0,0.0,0.0
659,0.0,0,0.0,0.0
660,-5.0,0,-0.06964009090454187,0.49
661,0.0,0,0.0,0.0
662,0.0,0,0.0,0.0
663,30.0,0,0.0,0.09
664,-10.0,0,-0.13928018180908375,0.18
665,-5.0,0,-0.06964009090454187,0.34
666,0.0,0,0.0,0.0
667,-20.0,0,-0.2785603636181675,1.06
668,120.0,0,0.0,1.08
669,135.0,0,0.0,1.86
670,-10.0,0,-0.13928018180908375,0.08
671,135.0,0,0.0,1.53
672,140.0,0,-0.15825283993659528,1.72
673,0.0,0,0.0,0.0
674,-5.0,0,-0.06964009090454187,0.21
675,-10.0,0,-0.13928018180908375,0.4
676,0.0,0,0.0,0.0
677,105.0,0,0.0,2.94
678,-5.0,0,-0.06964009090454187,0.3
679,-15.0,0,-0.20892027271362562,0.2
680,-35.0,1,-0.5443986107143277,2.61
681,-30.0,1,-0.47475851980978584,0.38
682,0.0,0,0.0,0.0
683,-5.0,0,-0.06964009090454187,0.12
684,0.0,0,0.0,0.0
685,225.0,0,0.0,3.6
686,0.0,0,0.0,0.0
687,0.0,0,0.0,0.0
688,0.0,0,0.0,0.0
689,20.0,0,-0.15825283993659528,0.61
690,-20.0,1,-0.31650567987319056,0.6
691,0.0,0,0.0,0.0
692,-5.0,0,-0.06964009090454187,0.48
693,-30.0,1,-0.47475851980978584,0.68
694,-10.0,0,-0.13928018180908375,0.32
695,0.0,0,0.0,0.0
696,-20.0,1,-0.31650567987319056,0.52
697,120.0,0,0.0,1.56
698,-10.0,0,-0.13928018180908375,0.59
699,-15.0,0,-0.22789293084113715,0.13
700,-25.0,1,-0.38614577077773243,0.5
701,-20.0,1,-0.31650567987319056,0.52
702,-15.0,0,-0.20892027271362562,1.06
703,-5.0,0,-0.06964009090454187,0.15
704,125.0,0,-0.15825283993659528,4.97
705,0.0,0,0.0,0.0
706,-30.0,1,-0.4557858616822743,0.3
707,-20.0,0,-0.2785603636181675,0.44
708,0.0,0,0.0,0.0
709,220.0,0,-0.06964009090454187,3.89
710,0.0,0,0.0,0.0
711,-25.0,1,-0.38614577077773243,1.21
712,0.0,0,0.0,0.0
713,105.0,0,0.0,0.84
714,0.0,0,0.0,0.0
715,0.0,0,0.0,0.0
716,-20.0,0,-0.31650567987319056,0.4
717,-10.0,0,-0.13928018180908375,0.84
718,0.0,0,0.0,0.0
719,-5.0,0,-0.06964009090454187,0.16
720,-10.0,0,-0.13928018180908375,0.43
721,-5.0,0,-0.06964009090454187,0.49
722,-10.0,0,-0.13928018180908375,0.28
723,165.0,0,0.0,2.31
724,-45.0,2,-0.7026514506509229,0.65
725,-10.0,0,-0.13928018180908375,0.45
726,0.0,0,0.0,0.0
727,0.0,0,0.0,0.0
728,-10.0,0,-0.15825283993659528,0.14
729,-20.0,1,-0.31650567987319056,1.08
730,-10.0,0,-0.13928018180908375,0.91
731,135.0,0,0.0,1.35
732,0.0,0,0.0,0.0
733,-30.0,1,-0.4557858616822743,0.54
734,-5.0,0,-0.06964009090454187,0.37
735,150.0,0,0.0,1.71
736,-10.0,0,-0.15825283993659528,0.04
737,55.0,0,-0.06964009090454187,1.41
738,-10.0,0,-0.13928018180908375,0.36
739,-20.0,1,-0.31650567987319056,0.44
740,0.0,0,0.0,0.0
741,-10.0,0,-0.13928018180908375,0.62
742,90.0,0,0.0,0.81
743,0.0,0,0.0,0.0
744,0.0,0,0.0,0.0
745,-20.0,1,-0.31650567987319056,0.64
746,0.0,0,0.0,0.0
747,-5.0,0,-0.06964009090454187,0.06
748,-5.0,0,-0.06964009090454187,0.47
749,135.0,0,0.0,2.91
750,0.0,0,0.0,0.0
751,0.0,0,0.0,0.0
752,-5.0,0,-0.06964009090454187,0.14
753,35.0,0,-0.15825283993659528,0.24
754,0.0,0,0.0,0.0
755,0.0,0,0.0,0.0
756,-30.0,1,-0.4557858616822743,2.76
757,0.0,0,0.0,0.0
758,390.0,0,0.0,11.91
759,0.0,0,0.0,0.0
760,-20.0,1,-0.31650567987319056,0.48
761,60.0,0,0.0,1.53
762,55.0,0,-0.06964009090454187,0.35
763,-5.0,0,-0.06964009090454187,0.13
764,-5.0,0,-0.06964009090454187,0.04
765,-5.0,0,-0.06964009090454187,0.07
766,-20.0,1,-0.31650567987319056,0.4
767,-15.0,0,-0.20892027271362562,1.14
768,0.0,0,0.0,0.0
769,0.0,0,0.0,0.0
770,180.0,0,0.0,3.33
771,0.0,0,0.0,0.0
772,0.0,0,0.0,0.0
773,150.0,0,0.0,1.86
774,0.0,0,0.0,0.0
775,175.0,0,-0.06964009090454187,2.59
776,-10.0,0,-0.13928018180908375,0.2
777,75.0,0,0.0,0.57
778,-5.0,0,-0.06964009090454187,0.48
779,0.0,0,0.0,0.0
780,150.0,0,0.0,2.55
781,180.0,0,0.0,3.21
782,-25.0,1,-0.38614577077773243,0.72
783,0.0,0,0.0,0.0
784,-5.0,0,-0.06964009090454187,0.02
785,-10.0,0,-0.13928018180908375,0.53
786,0.0,0,0.0,0.0
787,-5.0,0,-0.06964009090454187,0.27
788,-5.0,0,-0.06964009090454187,0.07
789,0.0,0,0.0,0.0
790,-20.0,1,-0.31650567987319056,0.52
791,-5.0,0,-0.06964009090454187,0.14
792,75.0,0,0.0,0.48
793,-45.0,1,-0.7026514506509229,0.91
794,-10.0,0,-0.13928018180908375,0.09
795,0.0,0,0.0,0.0
796,-5.0,0,-0.06964009090454187,0.4
797,-5.0,0,-0.06964009090454187,0.49
798,0.0,0,0.0,0.0
799,-10.0,0,-0.13928018180908375,0.66
800,-5.0,0,-0.06964009090454187,0.38
801,165.0,0,0.0,1.98
802,-5.0,0,-0.06964009090454187,0.19
803,150.0,0,0.0,1.65
804,-30.0,1,-0.4557858616822743,0.83
805,60.0,0,0.0,0.3
806,150.0,0,0.0,2.31
807,0.0,0,0.0,0.0
808,225.0,0,0.0,3.6
809,-20.0,1,-0.31650567987319056,0.2
810,-10.0,0,-0.13928018180908375,0.51
811,0.0,0,0.0,0.0
812,-5.0,0,-0.06964009090454187,0.09
813,0.0,0,0.0,0.0
814,75.0,0,0.0,1.8
815,-5.0,0,-0.06964009090454187,0.48
816,-30.0,1,-0.4557858616822743,0.44
817,-5.0,0,-0.06964009090454187,0.39
818,-25.0,1,-0.38614577077773243,0.38
819,-5.0,0,-0.06964009090454187,0.42
820,-5.0,0,-0.06964009090454187,0.11
821,-5.0,0,-0.06964009090454187,0.09
822,-20.0,0,-0.2785603636181675,0.42
823,0.0,0,0.0,0.0
824,0.0,0,0.0,0.0
825,-25.0,0,-0.3482004545227093,1.18
826,0.0,0,0.0,0.0
827,0.0,0,0.0,0.0
828,-5.0,0,-0.06964009090454187,0.05
829,0.0,0,0.0,0.0
830,-5.0,0,-0.06964009090454187,0.1
831,-5.0,0,-0.06964009090454187,0.44
832,0.0,0,0.0,0.0
833,150.0,0,0.0,1.65
834,0.0,0,0.0,0.0
835,-5.0,0,-0.06964009090454187,0.1
836,0.0,0,0.0,0.0
837,-5.0,0,-0.06964009090454187,0.1
838,-15.0,0,-0.20892027271362562,0.96
839,-5.0,0,-0.06964009090454187,0.39
840,-5.0,0,-0.06964009090454187,0.33
841,-10.0,0,-0.13928018180908375,0.14
842,0.0,0,0.0,0.0
843,-5.0,0,-0.06964009090454187,0.34
844,110.0,0,-0.15825283993659528,2.22
845,195.0,0,0.0,3.18
846,-15.0,0,-0.20892027271362562,0.83
847,0.0,0,0.0,0.0
848,210.0,0,0.0,3.54
849,-20.0,0,-0.31650567987319056,0.12
850,0.0,0,0.0,0.0
851,-25.0,1,-0.38614577077773243,1.42
852,150.0,0,0.0,1.89
853,-5.0,0,-0.06964009090454187,0.02
854,0.0,0,0.0,0.0
855,320.0,0,-0.15825283993659528,8.35
856,0.0,0,0.0,0.0
857,-30.0,1,-0.4557858616822743,1.12
858,0.0,0,0.0,0.0
859,0.0,0,0.0,0.0
860,0.0,0,0.0,0.0
861,-5.0,0,-0.06964009090454187,0.49
862,0.0,0,0.0,0.0
863,-10.0,0,-0.13928018180908375,0.2
864,0.0,0,0.0,0.0
865,0.0,0,0.0,0.0
866,-10.0,0,-0.13928018180908375,0.96
867,-5.0,0,-0.06964009090454187,0.25
868,0.0,0,0.0,0.0
869,0.0,0,0.0,0.0
870,-20.0,0,-0.29753302174567897,1.24
871,135.0,0,0.0,1.35
872,-5.0,0,-0.06964009090454187,0.11
873,-25.0,1,-0.38614577077773243,0.57
874,0.0,0,0.0,0.0
875,-10.0,0,-0.15825283993659528,0.2
876,-5.0,0,-0.06964009090454187,0.01
877,0.0,0,0.0,0.0
878,0.0,0,0.0,0.0
879,-25.0,1,-0.38614577077773243,0.24
880,0.0,0,0.0,0.0
881,0.0,0,0.0,0.0
882,-5.0,0,-0.06964009090454187,0.1
883,-10.0,0,-0.15825283993659528,0.5
884,0.0,0,0.0,0.0
885,-10.0,0,-0.15825283993659528,0.4
886,-15.0,0,-0.20892027271362562,0.09
887,0.0,0,0.0,0.0
888,-5.0,0,-0.06964009090454187,0.07
889,-15.0,0,-0.20892027271362562,1.38
890,-10.0,0,-0.13928018180908375,0.58
891,0.0,0,0.0,0.0
892,-5.0,0,-0.06964009090454187,0.17
893,-5.0,0,-0.06964009090454187,0.16
894,-50.0,2,-0.7912641996829763,1.18
895,0.0,0,0.0,0.0
896,-5.0,0,-0.06964009090454187,0.26
897,-15.0,0,-0.20892027271362562,0.85
898,150.0,0,0.0,1.65
899,185.0,0,-0.15825283993659528,3.35
900,0.0,0,0.0,0.0
901,0.0,0,0.0,0.0
902,-5.0,0,-0.06964009090454187,0.45
903,0.0,0,0.0,0.0
904,0.0,0,0.0,0.0
905,405.0,0,0.0,12.48
906,0.0,0,0.0,0.0
907,120.0,0,0.0,1.8
908,0.0,0,0.0,0.0
909,0.0,0,0.0,0.0
910,0.0,0,0.0,0.0
911,0.0,0,0.0,0.0
912,0.0,0,0.0,0.0
913,-60.0,2,-0.9115717233645486,2.41
914,-10.0,0,-0.13928018180908375,0.23
915,0.0,0,0.0,0.0
916,-5.0,0,-0.06964009090454187,0.02
917,0.0,0,0.0,0.0
918,0.0,0,0.0,0.0
919,45.0,0,0.0,0.18
920,195.0,0,0.0,2.79
921,-10.0,0,-0.15825283993659528,0.34
922,0.0,0,0.0,0.0
923,-5.0,0,-0.06964009090454187,0.42
924,60.0,0,0.0,0.3
925,-5.0,0,-0.06964009090454187,0.49
926,-10.0,0,-0.13928018180908375,0.18
927,-10.0,0,-0.13928018180908375,0.36
928,-5.0,0,-0.06964009090454187,0.29
929,105.0,0,0.0,0.99
930,-40.0,2,-0.6330113597463811,1.12
931,-30.0,0,-0.47475851980978584,0.7
932,0.0,0,0.0,0.0
933,-5.0,0,-0.06964009090454187,0.39
934,-5.0,0,-0.06964009090454187,0.46
935,-40.0,2,-0.6330113597463811,0.4
936,0.0,0,0.0,0.0
937,0.0,0,0.0,0.0
938,-5.0,0,-0.06964009090454187,0.43
939,-45.0,2,-0.7026514506509229,1.32
940,0.0,0,0.0,0.0
941,0.0,0,0.0,0.0
942,-10.0,0,-0.13928018180908375,0.35
943,-10.0,0,-0.15825283993659528,0.12
944,0.0,0,0.0,0.0
945,0.0,0,0.0,0.0
946,-10.0,0,-0.15825283993659528,0.14
947,0.0,0,0.0,0.0
948,0.0,0,0.0,0.0
949,-5.0,0,-0.06964009090454187,0.05
950,-5.0,0,-0.06964009090454187,0.49
951,-5.0,0,-0.06964009090454187,0.19
952,-10.0,0,-0.13928018180908375,0.24
953,0.0,0,0.0,0.0
954,0.0,0,0.0,0.0
955,-20.0,1,-0.31650567987319056,0.16
956,-5.0,0,-0.06964009090454187,0.02
957,-70.0,3,-1.1077698795561668,1.34
958,0.0,0,0.0,0.0
959,0.0,0,0.0,0.0
960,-10.0,0,-0.15825283993659528,0.02
961,-10.0,0,-0.13928018180908375,0.04
962,-30.0,1,-0.4557858616822743,0.54
963,-5.0,0,-0.06964009090454187,0.39
964,-45.0,2,-0.7026514506509229,2.41
965,0.0,0,0.0,0.0
966,-5.0,0,-0.06964009090454187,0.3
967,-30.0,1,-0.4557858616822743,2.34
968,-15.0,0,-0.22789293084113715,0.73
969,-5.0,0,-0.06964009090454187,0.15
970,-5.0,0,-0.06964009090454187,0.27
971,-20.0,1,-0.31650567987319056,0.64
972,-5.0,0,-0.06964009090454187,0.21
973,-5.0,0,-0.06964009090454187,0.16
974,-15.0,0,-0.20892027271362562,0.62
975,-5.0,0,-0.06964009090454187,0.31
976,210.0,0,0.0,3.57
977,-10.0,0,-0.13928018180908375,0.41
978,175.0,0,-0.06964009090454187,2.84
979,-20.0,1,-0.31650567987319056,0.32
980,5.0,0,-0.15825283993659528,0.37
981,-5.0,0,-0.06964009090454187,0.31
982,-10.0,0,-0.15825283993659528,0.3
983,0.0,0,0.0,0.0
984,-10.0,0,-0.13928018180908375,0.16
985,0.0,0,0.0,0.0
986,-30.0,0,-0.47475851980978584,0.48
987,-10.0,0,-0.13928018180908375,0.61
988,60.0,0,0.0,0.36
989,0.0,0,0.0,0.0
990,-10.0,0,-0.13928018180908375,0.5
991,-10.0,0,-0.15825283993659528,0.16
992,-10.0,0,-0.15825283993659528,0.02
993,0.0,0,0.0,0.0
994,-10.0,0,-0.13928018180908375,0.44
995,0.0,0,0.0,0.0
996,225.0,0,0.0,4.02
997,-5.0,0,-0.06964009090454187,0.04
998,-20.0,1,-0.31650567987319056,0.64
999,140.0,0,-0.13928018180908375,2.32
1000,0.0,0,0.0,0.0
