group,seed,mean_reward_env,std_reward_env,mean_reward_shaped,mean_tripwires,total_tripwires,mean_resources,mean_steps,success_rate,survival_rate,final_epsilon
Curriculum,42,115.9316,1.2635298143837899,39.93159999999998,1.36,68,1.2,7.26,1.0,1.0,0.01
Curriculum,123,34.232400000000005,27.37466939955063,124.2324,0.26,13,2.32,28.34,0.1,1.0,0.01
Curriculum,456,116.17439999999999,1.0786672805090627,170.17440000000002,0.1,5,1.28,6.78,1.0,1.0,0.01
DirectoS1,42,116.478,1.166302372667481,190.47799999999998,0.02,1,1.52,6.16,1.0,1.0,0.01
DirectoS1,123,21.3458,1.0325599058571244,62.345799999999954,0.16,8,1.14,30.0,0.0,1.0,0.01
DirectoS1,456,29.173000000000005,2.49793077631573,354.1730000000001,0.02,1,6.54,30.0,0.0,1.0,0.01
ControlS0,42,116.00119999999998,0.9162715932806497,116.00119999999998,1.08,54,1.02,6.06,1.0,1.0,0.01
ControlS0,123,113.9624,13.536554826521725,113.9624,2.54,127,0.9,6.5,0.98,1.0,0.01
ControlS0,456,116.215,1.0723581681585344,116.215,0.5,25,1.24,6.14,1.0,1.0,0.01
